Rc files read (in order):
  NONE
Latexmk: This is Latexmk, John Collins, 9 March 2026. Version 4.88.
Latexmk: applying rule 'lualatex'...
Rule 'lualatex':  Reasons for rerun
Changed files or newly in use/created:
  figures/bunching_analysis_85k.png
  figures/bunching_analysis_90k.png
Category 'changed_user':
  figures/bunching_analysis_85k.png
  figures/bunching_analysis_90k.png

------------
Run number 1 of rule 'lualatex'
------------
------------
Running 'lualatex  -interaction=nonstopmode -halt-on-error -recorder  "main.tex"'
------------
This is LuaHBTeX, Version 1.24.0 (TeX Live 2026) 
 restricted system commands enabled.
(./main.tex
LaTeX2e <2025-11-01>
L3 programming layer <2026-01-19>
 (/usr/local/texlive/2026/texmf-dist/tex/latex/base/article.cls
Document Class: article 2025/01/22 v1.4n Standard LaTeX document class
(/usr/local/texlive/2026/texmf-dist/tex/latex/base/size12.clo))
(./YGTemplate.sty
(/usr/local/texlive/2026/texmf-dist/tex/latex/fontspec/fontspec.sty
(/usr/local/texlive/2026/texmf-dist/tex/latex/l3packages/xparse/xparse.sty
(/usr/local/texlive/2026/texmf-dist/tex/latex/l3kernel/expl3.sty
(/usr/local/texlive/2026/texmf-dist/tex/latex/l3backend/l3backend-luatex.def)))
 (/usr/local/texlive/2026/texmf-dist/tex/latex/fontspec/fontspec-luatex.sty
(/usr/local/texlive/2026/texmf-dist/tex/latex/base/fontenc.sty)
(/usr/local/texlive/2026/texmf-dist/tex/latex/fontspec/fontspec.cfg)))
(/usr/local/texlive/2026/texmf-dist/tex/generic/babel/babel.sty
(/usr/local/texlive/2026/texmf-dist/tex/generic/babel/luababel.def)
(/usr/local/texlive/2026/texmf-dist/tex/generic/babel/luababel.def)
(/usr/local/texlive/2026/texmf-dist/tex/generic/babel/locale/en/babel-english.t
ex) (/usr/local/texlive/2026/texmf-dist/tex/generic/babel-english/english.ldf))
 (/usr/local/texlive/2026/texmf-dist/tex/latex/base/fontenc.sty
(/usr/local/texlive/2026/texmf-dist/tex/latex/lm/t1lmr.fd))
(/usr/local/texlive/2026/texmf-dist/tex/latex/a4wide/a4wide.sty
(/usr/local/texlive/2026/texmf-dist/tex/latex/ntgclass/a4.sty))
(/usr/local/texlive/2026/texmf-dist/tex/latex/xcolor/xcolor.sty
(/usr/local/texlive/2026/texmf-dist/tex/latex/graphics-cfg/color.cfg)

Package xcolor Warning: Package option `usenames' is obsolete and ignored on in
put line 265.

(/usr/local/texlive/2026/texmf-dist/tex/latex/graphics-def/luatex.def)
(/usr/local/texlive/2026/texmf-dist/tex/latex/graphics/mathcolor.ltx))
(/usr/local/texlive/2026/texmf-dist/tex/latex/graphics/dvipsnam.def)
(/usr/local/texlive/2026/texmf-dist/tex/latex/graphics/graphicx.sty
(/usr/local/texlive/2026/texmf-dist/tex/latex/graphics/keyval.sty)
(/usr/local/texlive/2026/texmf-dist/tex/latex/graphics/graphics.sty
(/usr/local/texlive/2026/texmf-dist/tex/latex/graphics/trig.sty)
(/usr/local/texlive/2026/texmf-dist/tex/latex/graphics-cfg/graphics.cfg)))
(/usr/local/texlive/2026/texmf-dist/tex/latex/tools/tabularx.sty
(/usr/local/texlive/2026/texmf-dist/tex/latex/tools/array.sty))
(/usr/local/texlive/2026/texmf-dist/tex/latex/subfigure/subfigure.sty
****************************************
* Local config file subfigure.cfg used *
****************************************
(/usr/local/texlive/2026/texmf-dist/tex/latex/subfigure/subfigure.cfg))
(/usr/local/texlive/2026/texmf-dist/tex/latex/float/float.sty)
(/usr/local/texlive/2026/texmf-dist/tex/latex/caption/caption.sty
(/usr/local/texlive/2026/texmf-dist/tex/latex/caption/caption3.sty))
(/usr/local/texlive/2026/texmf-dist/tex/latex/caption/subcaption.sty)
(/usr/local/texlive/2026/texmf-dist/tex/latex/fnpct/fnpct.sty
(/usr/local/texlive/2026/texmf-dist/tex/latex/l3packages/l3keys2e/l3keys2e.sty)
(/usr/local/texlive/2026/texmf-dist/tex/latex/translations/translations.sty
(/usr/local/texlive/2026/texmf-dist/tex/latex/etoolbox/etoolbox.sty)
(/usr/local/texlive/2026/texmf-dist/tex/generic/pdftexcmds/pdftexcmds.sty
(/usr/local/texlive/2026/texmf-dist/tex/generic/infwarerr/infwarerr.sty)
(/usr/local/texlive/2026/texmf-dist/tex/generic/iftex/iftex.sty)
(/usr/local/texlive/2026/texmf-dist/tex/generic/ltxcmds/ltxcmds.sty))))
(/usr/local/texlive/2026/texmf-dist/tex/latex/kpfonts/kpfonts.sty
(/usr/local/texlive/2026/texmf-dist/tex/latex/kpfonts-otf/kpfonts-otf.sty
(/usr/local/texlive/2026/texmf-dist/tex/latex/realscripts/realscripts.sty)
(/usr/local/texlive/2026/texmf-dist/tex/latex/kpfonts-otf/KpRoman.fontspec)
(/usr/local/texlive/2026/texmf-dist/tex/latex/kpfonts-otf/KpLight.fontspec)
(/usr/local/texlive/2026/texmf-dist/tex/latex/kpfonts-otf/KpSans.fontspec)
(/usr/local/texlive/2026/texmf-dist/tex/latex/kpfonts-otf/KpMono.fontspec)
(/usr/local/texlive/2026/texmf-dist/tex/latex/unicode-math/unicode-math.sty
(/usr/local/texlive/2026/texmf-dist/tex/latex/unicode-math/unicode-math-luatex.
sty (/usr/local/texlive/2026/texmf-dist/tex/latex/base/fix-cm.sty
(/usr/local/texlive/2026/texmf-dist/tex/latex/base/ts1enc.def))
(/usr/local/texlive/2026/texmf-dist/tex/latex/amsmath/amsmath.sty
For additional information on amsmath, use the `?' option.
(/usr/local/texlive/2026/texmf-dist/tex/latex/amsmath/amstext.sty
(/usr/local/texlive/2026/texmf-dist/tex/latex/amsmath/amsgen.sty))
(/usr/local/texlive/2026/texmf-dist/tex/latex/amsmath/amsbsy.sty)
(/usr/local/texlive/2026/texmf-dist/tex/latex/amsmath/amsopn.sty))
(/usr/local/texlive/2026/texmf-dist/tex/lualatex/lualatex-math/lualatex-math.st
y)
(/usr/local/texlive/2026/texmf-dist/tex/latex/unicode-math/unicode-math-table.t
ex)))
(/usr/local/texlive/2026/texmf-dist/tex/latex/kpfonts-otf/KpMath-Regular.fontsp
ec))) (/usr/local/texlive/2026/texmf-dist/tex/latex/pgf/frontendlayer/tikz.sty
(/usr/local/texlive/2026/texmf-dist/tex/latex/pgf/basiclayer/pgf.sty
(/usr/local/texlive/2026/texmf-dist/tex/latex/pgf/utilities/pgfrcs.sty
(/usr/local/texlive/2026/texmf-dist/tex/generic/pgf/utilities/pgfutil-common.te
x)
(/usr/local/texlive/2026/texmf-dist/tex/generic/pgf/utilities/pgfutil-latex.def
) (/usr/local/texlive/2026/texmf-dist/tex/generic/pgf/utilities/pgfrcs.code.tex
(/usr/local/texlive/2026/texmf-dist/tex/generic/pgf/pgf.revision.tex)))
(/usr/local/texlive/2026/texmf-dist/tex/latex/pgf/basiclayer/pgfcore.sty
(/usr/local/texlive/2026/texmf-dist/tex/latex/pgf/systemlayer/pgfsys.sty
(/usr/local/texlive/2026/texmf-dist/tex/generic/pgf/systemlayer/pgfsys.code.tex
(/usr/local/texlive/2026/texmf-dist/tex/generic/pgf/utilities/pgfkeys.code.tex
(/usr/local/texlive/2026/texmf-dist/tex/generic/pgf/utilities/pgfkeyslibraryfil
tered.code.tex))
(/usr/local/texlive/2026/texmf-dist/tex/generic/pgf/systemlayer/pgf.cfg)
(/usr/local/texlive/2026/texmf-dist/tex/generic/pgf/systemlayer/pgfsys-luatex.d
ef
(/usr/local/texlive/2026/texmf-dist/tex/generic/pgf/systemlayer/pgfsys-common-p
df.def)))
(/usr/local/texlive/2026/texmf-dist/tex/generic/pgf/systemlayer/pgfsyssoftpath.
code.tex)
(/usr/local/texlive/2026/texmf-dist/tex/generic/pgf/systemlayer/pgfsysprotocol.
code.tex))
(/usr/local/texlive/2026/texmf-dist/tex/generic/pgf/basiclayer/pgfcore.code.tex
(/usr/local/texlive/2026/texmf-dist/tex/generic/pgf/math/pgfmath.code.tex
(/usr/local/texlive/2026/texmf-dist/tex/generic/pgf/math/pgfmathutil.code.tex)
(/usr/local/texlive/2026/texmf-dist/tex/generic/pgf/math/pgfmathparser.code.tex
)
(/usr/local/texlive/2026/texmf-dist/tex/generic/pgf/math/pgfmathfunctions.code.
tex)
(/usr/local/texlive/2026/texmf-dist/tex/generic/pgf/math/pgfmathfunctions.basic
.code.tex)
(/usr/local/texlive/2026/texmf-dist/tex/generic/pgf/math/pgfmathfunctions.trigo
nometric.code.tex)
(/usr/local/texlive/2026/texmf-dist/tex/generic/pgf/math/pgfmathfunctions.rando
m.code.tex)
(/usr/local/texlive/2026/texmf-dist/tex/generic/pgf/math/pgfmathfunctions.compa
rison.code.tex)
(/usr/local/texlive/2026/texmf-dist/tex/generic/pgf/math/pgfmathfunctions.base.
code.tex)
(/usr/local/texlive/2026/texmf-dist/tex/generic/pgf/math/pgfmathfunctions.round
.code.tex)
(/usr/local/texlive/2026/texmf-dist/tex/generic/pgf/math/pgfmathfunctions.misc.
code.tex)
(/usr/local/texlive/2026/texmf-dist/tex/generic/pgf/math/pgfmathfunctions.integ
erarithmetics.code.tex)
(/usr/local/texlive/2026/texmf-dist/tex/generic/pgf/math/pgfmathcalc.code.tex)
(/usr/local/texlive/2026/texmf-dist/tex/generic/pgf/math/pgfmathfloat.code.tex)
) (/usr/local/texlive/2026/texmf-dist/tex/generic/pgf/math/pgfint.code.tex)
(/usr/local/texlive/2026/texmf-dist/tex/generic/pgf/basiclayer/pgfcorepoints.co
de.tex)
(/usr/local/texlive/2026/texmf-dist/tex/generic/pgf/basiclayer/pgfcorepathconst
ruct.code.tex)
(/usr/local/texlive/2026/texmf-dist/tex/generic/pgf/basiclayer/pgfcorepathusage
.code.tex)
(/usr/local/texlive/2026/texmf-dist/tex/generic/pgf/basiclayer/pgfcorescopes.co
de.tex)
(/usr/local/texlive/2026/texmf-dist/tex/generic/pgf/basiclayer/pgfcoregraphicst
ate.code.tex)
(/usr/local/texlive/2026/texmf-dist/tex/generic/pgf/basiclayer/pgfcoretransform
ations.code.tex)
(/usr/local/texlive/2026/texmf-dist/tex/generic/pgf/basiclayer/pgfcorequick.cod
e.tex)
(/usr/local/texlive/2026/texmf-dist/tex/generic/pgf/basiclayer/pgfcoreobjects.c
ode.tex)
(/usr/local/texlive/2026/texmf-dist/tex/generic/pgf/basiclayer/pgfcorepathproce
ssing.code.tex)
(/usr/local/texlive/2026/texmf-dist/tex/generic/pgf/basiclayer/pgfcorearrows.co
de.tex)
(/usr/local/texlive/2026/texmf-dist/tex/generic/pgf/basiclayer/pgfcoreshade.cod
e.tex)
(/usr/local/texlive/2026/texmf-dist/tex/generic/pgf/basiclayer/pgfcoreimage.cod
e.tex)
(/usr/local/texlive/2026/texmf-dist/tex/generic/pgf/basiclayer/pgfcoreexternal.
code.tex)
(/usr/local/texlive/2026/texmf-dist/tex/generic/pgf/basiclayer/pgfcorelayers.co
de.tex)
(/usr/local/texlive/2026/texmf-dist/tex/generic/pgf/basiclayer/pgfcoretranspare
ncy.code.tex)
(/usr/local/texlive/2026/texmf-dist/tex/generic/pgf/basiclayer/pgfcorepatterns.
code.tex)
(/usr/local/texlive/2026/texmf-dist/tex/generic/pgf/basiclayer/pgfcorerdf.code.
tex)))
(/usr/local/texlive/2026/texmf-dist/tex/generic/pgf/modules/pgfmoduleshapes.cod
e.tex)
(/usr/local/texlive/2026/texmf-dist/tex/generic/pgf/modules/pgfmoduleplot.code.
tex)
(/usr/local/texlive/2026/texmf-dist/tex/latex/pgf/compatibility/pgfcomp-version
-0-65.sty)
(/usr/local/texlive/2026/texmf-dist/tex/latex/pgf/compatibility/pgfcomp-version
-1-18.sty))
(/usr/local/texlive/2026/texmf-dist/tex/latex/pgf/utilities/pgffor.sty
(/usr/local/texlive/2026/texmf-dist/tex/latex/pgf/utilities/pgfkeys.sty
(/usr/local/texlive/2026/texmf-dist/tex/generic/pgf/utilities/pgfkeys.code.tex)
) (/usr/local/texlive/2026/texmf-dist/tex/latex/pgf/math/pgfmath.sty
(/usr/local/texlive/2026/texmf-dist/tex/generic/pgf/math/pgfmath.code.tex))
(/usr/local/texlive/2026/texmf-dist/tex/generic/pgf/utilities/pgffor.code.tex))

(/usr/local/texlive/2026/texmf-dist/tex/generic/pgf/frontendlayer/tikz/tikz.cod
e.tex
(/usr/local/texlive/2026/texmf-dist/tex/generic/pgf/libraries/pgflibraryplothan
dlers.code.tex)
(/usr/local/texlive/2026/texmf-dist/tex/generic/pgf/modules/pgfmodulematrix.cod
e.tex)
(/usr/local/texlive/2026/texmf-dist/tex/generic/pgf/frontendlayer/tikz/librarie
s/tikzlibrarytopaths.code.tex)))
(/usr/local/texlive/2026/texmf-dist/tex/latex/pgfplots/pgfplots.sty
(/usr/local/texlive/2026/texmf-dist/tex/generic/pgfplots/pgfplots.revision.tex)
(/usr/local/texlive/2026/texmf-dist/tex/generic/pgfplots/pgfplots.code.tex
(/usr/local/texlive/2026/texmf-dist/tex/generic/pgfplots/pgfplotscore.code.tex
(/usr/local/texlive/2026/texmf-dist/tex/generic/pgfplots/sys/pgfplotssysgeneric
.code.tex))
(/usr/local/texlive/2026/texmf-dist/tex/generic/pgfplots/libs/pgfplotslibrary.c
ode.tex)
(/usr/local/texlive/2026/texmf-dist/tex/generic/pgfplots/oldpgfcompatib/pgfplot
soldpgfsupp_loader.code.tex
(/usr/local/texlive/2026/texmf-dist/tex/generic/pgf/libraries/pgflibraryfpu.cod
e.tex)
(/usr/local/texlive/2026/texmf-dist/tex/generic/pgfplots/oldpgfcompatib/pgfplot
soldpgfsupp_pgfutil-common-lists.tex)
(/usr/local/texlive/2026/texmf-dist/tex/generic/pgf/libraries/luamath/pgflibrar
yluamath.code.tex))
(/usr/local/texlive/2026/texmf-dist/tex/generic/pgfplots/util/pgfplotsutil.code
.tex
(/usr/local/texlive/2026/texmf-dist/tex/generic/pgfplots/liststructure/pgfplots
liststructure.code.tex)
(/usr/local/texlive/2026/texmf-dist/tex/generic/pgfplots/liststructure/pgfplots
liststructureext.code.tex)
(/usr/local/texlive/2026/texmf-dist/tex/generic/pgfplots/liststructure/pgfplots
array.code.tex)
(/usr/local/texlive/2026/texmf-dist/tex/generic/pgfplots/liststructure/pgfplots
matrix.code.tex)
(/usr/local/texlive/2026/texmf-dist/tex/generic/pgfplots/numtable/pgfplotstable
shared.code.tex)
(/usr/local/texlive/2026/texmf-dist/tex/generic/pgfplots/liststructure/pgfplots
deque.code.tex)
(/usr/local/texlive/2026/texmf-dist/tex/generic/pgfplots/util/pgfplotsbinary.co
de.tex
(/usr/local/texlive/2026/texmf-dist/tex/generic/pgfplots/util/pgfplotsbinary.da
ta.code.tex))
(/usr/local/texlive/2026/texmf-dist/tex/generic/pgfplots/util/pgfplotsutil.verb
.code.tex)
(/usr/local/texlive/2026/texmf-dist/tex/generic/pgfplots/libs/pgflibrarypgfplot
s.surfshading.code.tex
(/usr/local/texlive/2026/texmf-dist/tex/generic/pgfplots/sys/pgflibrarypgfplots
.surfshading.pgfsys-luatex.def)))
(/usr/local/texlive/2026/texmf-dist/tex/generic/pgfplots/util/pgfplotscolormap.
code.tex
(/usr/local/texlive/2026/texmf-dist/tex/generic/pgfplots/util/pgfplotscolor.cod
e.tex))
(/usr/local/texlive/2026/texmf-dist/tex/generic/pgfplots/pgfplotsstackedplots.c
ode.tex)
(/usr/local/texlive/2026/texmf-dist/tex/generic/pgfplots/pgfplotsplothandlers.c
ode.tex
(/usr/local/texlive/2026/texmf-dist/tex/generic/pgfplots/pgfplotsmeshplothandle
r.code.tex
(/usr/local/texlive/2026/texmf-dist/tex/generic/pgfplots/pgfplotsmeshplotimage.
code.tex)))
(/usr/local/texlive/2026/texmf-dist/tex/generic/pgfplots/pgfplots.scaling.code.
tex)
(/usr/local/texlive/2026/texmf-dist/tex/generic/pgfplots/pgfplotscoordprocessin
g.code.tex)
(/usr/local/texlive/2026/texmf-dist/tex/generic/pgfplots/pgfplots.errorbars.cod
e.tex)
(/usr/local/texlive/2026/texmf-dist/tex/generic/pgfplots/pgfplots.markers.code.
tex)
(/usr/local/texlive/2026/texmf-dist/tex/generic/pgfplots/pgfplotsticks.code.tex
)
(/usr/local/texlive/2026/texmf-dist/tex/generic/pgfplots/pgfplots.paths.code.te
x)
(/usr/local/texlive/2026/texmf-dist/tex/generic/pgf/frontendlayer/tikz/librarie
s/tikzlibrarydecorations.code.tex
(/usr/local/texlive/2026/texmf-dist/tex/generic/pgf/modules/pgfmoduledecoration
s.code.tex))
(/usr/local/texlive/2026/texmf-dist/tex/generic/pgf/frontendlayer/tikz/librarie
s/tikzlibrarydecorations.pathmorphing.code.tex
(/usr/local/texlive/2026/texmf-dist/tex/generic/pgf/libraries/decorations/pgfli
brarydecorations.pathmorphing.code.tex))
(/usr/local/texlive/2026/texmf-dist/tex/generic/pgf/frontendlayer/tikz/librarie
s/tikzlibrarydecorations.pathreplacing.code.tex
(/usr/local/texlive/2026/texmf-dist/tex/generic/pgf/libraries/decorations/pgfli
brarydecorations.pathreplacing.code.tex))
(/usr/local/texlive/2026/texmf-dist/tex/generic/pgfplots/libs/tikzlibrarypgfplo
ts.contourlua.code.tex))
(/usr/local/texlive/2026/texmf-dist/tex/generic/pgf/frontendlayer/tikz/librarie
s/tikzlibraryplotmarks.code.tex
(/usr/local/texlive/2026/texmf-dist/tex/generic/pgf/libraries/pgflibraryplotmar
ks.code.tex)))
(/usr/local/texlive/2026/texmf-dist/tex/latex/pgfplots/pgfplotstable.sty
(/usr/local/texlive/2026/texmf-dist/tex/generic/pgfplots/pgfplots.revision.tex)

(/usr/local/texlive/2026/texmf-dist/tex/generic/pgfplots/numtable/pgfplotstable
.code.tex
(/usr/local/texlive/2026/texmf-dist/tex/generic/pgfplots/numtable/pgfplotstable
.coltype.code.tex)))
(/usr/local/texlive/2026/texmf-dist/tex/latex/fontawesome/fontawesome.sty
(/usr/local/texlive/2026/texmf-dist/tex/generic/iftex/ifxetex.sty)
(/usr/local/texlive/2026/texmf-dist/tex/generic/iftex/ifluatex.sty)
(/usr/local/texlive/2026/texmf-dist/tex/latex/fontawesome/fontawesomesymbols-ge
neric.tex)
(/usr/local/texlive/2026/texmf-dist/tex/latex/fontawesome/fontawesomesymbols-xe
luatex.tex)) (/usr/local/texlive/2026/texmf-dist/tex/latex/psfrag/psfrag.sty)
(/usr/local/texlive/2026/texmf-dist/tex/generic/pgf/frontendlayer/tikz/librarie
s/tikzlibraryintersections.code.tex
(/usr/local/texlive/2026/texmf-dist/tex/generic/pgf/libraries/pgflibraryinterse
ctions.code.tex))
(/usr/local/texlive/2026/texmf-dist/tex/generic/pgf/frontendlayer/tikz/librarie
s/tikzlibrarypatterns.code.tex
(/usr/local/texlive/2026/texmf-dist/tex/generic/pgf/libraries/pgflibrarypattern
s.code.tex))
(/usr/local/texlive/2026/texmf-dist/tex/generic/pgfplots/libs/tikzlibrarypgfplo
ts.fillbetween.code.tex
(/usr/local/texlive/2026/texmf-dist/tex/generic/pgfplots/pgfcontrib/tikzlibrary
fillbetween.code.tex
(/usr/local/texlive/2026/texmf-dist/tex/generic/pgfplots/pgfcontrib/tikzlibrary
decorations.softclip.code.tex
(/usr/local/texlive/2026/texmf-dist/tex/generic/pgfplots/pgfcontrib/pgflibraryf
illbetween.code.tex)))
(/usr/local/texlive/2026/texmf-dist/tex/generic/pgfplots/libs/tikzlibrarypgfplo
ts.decorations.softclip.code.tex))
(/usr/local/texlive/2026/texmf-dist/tex/latex/booktabs/booktabs.sty)
(/usr/local/texlive/2026/texmf-dist/tex/latex/tools/bm.sty)
(/usr/local/texlive/2026/texmf-dist/tex/latex/graphics/rotating.sty
(/usr/local/texlive/2026/texmf-dist/tex/latex/base/ifthen.sty))
(/usr/local/texlive/2026/texmf-dist/tex/latex/hyperref/hyperref.sty
(/usr/local/texlive/2026/texmf-dist/tex/latex/kvsetkeys/kvsetkeys.sty)
(/usr/local/texlive/2026/texmf-dist/tex/generic/kvdefinekeys/kvdefinekeys.sty)
(/usr/local/texlive/2026/texmf-dist/tex/generic/pdfescape/pdfescape.sty)
(/usr/local/texlive/2026/texmf-dist/tex/latex/hycolor/hycolor.sty)
(/usr/local/texlive/2026/texmf-dist/tex/latex/hyperref/nameref.sty
(/usr/local/texlive/2026/texmf-dist/tex/latex/refcount/refcount.sty)
(/usr/local/texlive/2026/texmf-dist/tex/generic/gettitlestring/gettitlestring.s
ty (/usr/local/texlive/2026/texmf-dist/tex/latex/kvoptions/kvoptions.sty)))
(/usr/local/texlive/2026/texmf-dist/tex/generic/stringenc/stringenc.sty)
(/usr/local/texlive/2026/texmf-dist/tex/latex/hyperref/pd1enc.def)
(/usr/local/texlive/2026/texmf-dist/tex/generic/intcalc/intcalc.sty)
(/usr/local/texlive/2026/texmf-dist/tex/latex/hyperref/puenc.def)
(/usr/local/texlive/2026/texmf-dist/tex/latex/url/url.sty)
(/usr/local/texlive/2026/texmf-dist/tex/generic/bitset/bitset.sty
(/usr/local/texlive/2026/texmf-dist/tex/generic/bigintcalc/bigintcalc.sty)))
(/usr/local/texlive/2026/texmf-dist/tex/latex/hyperref/hluatex.def
(/usr/local/texlive/2026/texmf-dist/tex/latex/rerunfilecheck/rerunfilecheck.sty

(/usr/local/texlive/2026/texmf-dist/tex/generic/uniquecounter/uniquecounter.sty
))) (/usr/local/texlive/2026/texmf-dist/tex/latex/todonotes/todonotes.sty
(/usr/local/texlive/2026/texmf-dist/tex/latex/xkeyval/xkeyval.sty
(/usr/local/texlive/2026/texmf-dist/tex/generic/xkeyval/xkeyval.tex
(/usr/local/texlive/2026/texmf-dist/tex/generic/xkeyval/xkvutils.tex)))
(/usr/local/texlive/2026/texmf-dist/tex/generic/pgf/frontendlayer/tikz/librarie
s/tikzlibrarypositioning.code.tex)
(/usr/local/texlive/2026/texmf-dist/tex/latex/tools/calc.sty))
(/usr/local/texlive/2026/texmf-dist/tex/latex/natbib/natbib.sty)
(/usr/local/texlive/2026/texmf-dist/tex/latex/paralist/paralist.sty)
(/usr/local/texlive/2026/texmf-dist/tex/latex/tools/multicol.sty)
(/usr/local/texlive/2026/texmf-dist/tex/latex/tools/longtable.sty)
(/usr/local/texlive/2026/texmf-dist/tex/latex/multirow/multirow.sty)
(/usr/local/texlive/2026/texmf-dist/tex/latex/graphics/lscape.sty)
(/usr/local/texlive/2026/texmf-dist/tex/latex/chngcntr/chngcntr.sty)
(/usr/local/texlive/2026/texmf-dist/tex/latex/footmisc/footmisc.sty)
(/usr/local/texlive/2026/texmf-dist/tex/latex/datetime/datetime.sty
(/usr/local/texlive/2026/texmf-dist/tex/latex/fmtcount/fmtcount.sty
(/usr/local/texlive/2026/texmf-dist/tex/latex/fmtcount/fcprefix.sty
(/usr/local/texlive/2026/texmf-dist/tex/latex/fmtcount/fcnumparser.sty))
(/usr/local/texlive/2026/texmf-dist/tex/latex/fmtcount/fc-english.def))
(/usr/local/texlive/2026/texmf-dist/tex/latex/datetime/datetime-defaults.sty))
(/usr/local/texlive/2026/texmf-dist/tex/latex/threeparttable/threeparttable.sty
) (/usr/local/texlive/2026/texmf-dist/tex/latex/diagbox/diagbox.sty
(/usr/local/texlive/2026/texmf-dist/tex/latex/pict2e/pict2e.sty
(/usr/local/texlive/2026/texmf-dist/tex/latex/pict2e/pict2e.cfg)
(/usr/local/texlive/2026/texmf-dist/tex/latex/pict2e/p2e-luatex.def)))
(/usr/local/texlive/2026/texmf-dist/tex/latex/sectsty/sectsty.sty

LaTeX Warning: Command \underbar  has changed.
               Check if current package is valid.


LaTeX Warning: Command \underline  has changed.
               Check if current package is valid.

)) (./title_metadata.tex) (./main.aux)
(/usr/local/texlive/2026/texmf-dist/tex/context/base/mkii/supp-pdf.mkii
[Loading MPS to PDF converter (version 2006.09.02).]
) (/usr/local/texlive/2026/texmf-dist/tex/latex/epstopdf-pkg/epstopdf-base.sty
(/usr/local/texlive/2026/texmf-dist/tex/latex/latexconfig/epstopdf-sys.cfg))
(/usr/local/texlive/2026/texmf-dist/tex/latex/caption/ltcaption.sty)
(/usr/local/texlive/2026/texmf-dist/tex/latex/translations/translations-basic-d
ictionary-english.trsl)

Package pgfplots Warning: running in backwards compatibility mode (unsuitable t
ick labels; missing features). Consider writing \pgfplotsset{compat=1.18} into 
your preamble.
 on input line 12.

(./main.out) (./main.out)

Package todonotes Warning: The length marginparwidth is less than 2cm and will 
most likely cause issues with the appearance of inserted todonotes. The issue c
an be solved by adding a line like \setlength {\marginparwidth }{2cm} prior to 
loading the todonotes package. on input line 12.

(./frontmatter.tex
Overfull \hbox (8.09319pt too wide) in paragraph at lines 4--5
\TU/KpRoman(1)/m/n/10.95 registration-threshold re-forms, re-leased with its sy
nthetic-data gen-er-a-tor. The thresh-
[1
Non-PDF special ignored!{/usr/local/texlive/2026/texmf-var/fonts/map/pdftex/upd
map/pdftex.map}]) (./body.tex (./Sections/intro.tex

Package natbib Warning: Citation `hoc_vat' on page 2 undefined on input line 3.



Package natbib Warning: Citation `hmrc_threshold' on page 2 undefined on input 
line 3.


Package natbib Warning: Citation `obr2023vat' on page 2 undefined on input line
 31.


Package natbib Warning: Citation `liuetal2021' on page 2 undefined on input lin
e 32.


Package natbib Warning: Citation `liulockwoodtam2024' on page 2 undefined on in
put line 34.

[2<./figures/firms_by_turnover_band_85k.png><./figures/vat_firms_by_turnover_ba
nd_85k.png>]

Package natbib Warning: Citation `liuetal2021' on page 3 undefined on input lin
e 45.


Package natbib Warning: Citation `hmt_spring_budget_2024' on page 3 undefined o
n input line 45.


LaTeX Warning: Reference `sec:behavioural' on page 3 undefined on input line 47
.


LaTeX Warning: Reference `sec:conclusion' on page 3 undefined on input line 47.


[3]

Package natbib Warning: Citation `klevenwaseem2013' on page 4 undefined on inpu
t line 49.


Package natbib Warning: Citation `liuetal2021' on page 4 undefined on input lin
e 49.


Overfull \hbox (0.9187pt too wide) in paragraph at lines 49--50
[]\TU/KpRoman(1)/m/n/12 Third, con-di-tional on the as-sumed elas-tic-ity, inte
nsive-margin re-sponses barely move

Package natbib Warning: Citation `liuetal2021' on page 4 undefined on input lin
e 51.

[4]

Package natbib Warning: Citation `chettyetal2011' on page 5 undefined on input 
line 55.


Package natbib Warning: Citation `saez2010' on page 5 undefined on input line 5
5.


Package natbib Warning: Citation `klevenwaseem2013' on page 5 undefined on inpu
t line 55.


Package natbib Warning: Citation `kleven2016' on page 5 undefined on input line
 55.


Package natbib Warning: Citation `best2015' on page 5 undefined on input line 5
5.


Package natbib Warning: Citation `liuetal2021' on page 5 undefined on input lin
e 57.


Package natbib Warning: Citation `liulockwoodtam2024' on page 5 undefined on in
put line 57.


Package natbib Warning: Citation `onji2009' on page 5 undefined on input line 5
7.


Package natbib Warning: Citation `harju2019' on page 5 undefined on input line 
57.


Package natbib Warning: Citation `asatryanpeichl2017' on page 5 undefined on in
put line 57.


Package natbib Warning: Citation `nandiwarwick2020' on page 5 undefined on inpu
t line 57.


Package natbib Warning: Citation `waseem2024' on page 5 undefined on input line
 57.


Package natbib Warning: Citation `liuetal2021' on page 5 undefined on input lin
e 57.


Package natbib Warning: Citation `harju2019' on page 5 undefined on input line 
57.


Package natbib Warning: Citation `onji2009' on page 5 undefined on input line 5
7.


Package natbib Warning: Citation `asatryanpeichl2017' on page 5 undefined on in
put line 57.


Package natbib Warning: Citation `nandiwarwick2020' on page 5 undefined on inpu
t line 57.


Package natbib Warning: Citation `blomquistetal2021' on page 5 undefined on inp
ut line 59.


Package natbib Warning: Citation `bertanhaetal2023' on page 5 undefined on inpu
t line 59.


Package natbib Warning: Citation `garicano2016' on page 5 undefined on input li
ne 59.


Package natbib Warning: Citation `gourioroys2014' on page 5 undefined on input 
line 59.


LaTeX Warning: Reference `sec:model' on page 5 undefined on input line 63.


LaTeX Warning: Reference `sec:behavioural' on page 5 undefined on input line 63
.


LaTeX Warning: Reference `sec:conclusion' on page 5 undefined on input line 63.


) (./Sections/background.tex [5]

Package natbib Warning: Citation `liuetal2021' on page 6 undefined on input lin
e 13.


Package natbib Warning: Citation `klevenwaseem2013' on page 6 undefined on inpu
t line 13.


LaTeX Warning: Reference `sec:model' on page 6 undefined on input line 21.


Package natbib Warning: Citation `liuetal2021' on page 6 undefined on input lin
e 24.


Package natbib Warning: Citation `hmrc_threshold' on page 6 undefined on input 
line 35.


Package natbib Warning: Citation `hoc_vat' on page 6 undefined on input line 35
.

[6]

Package natbib Warning: Citation `hmrc_threshold' on page 7 undefined on input 
line 57.


Package natbib Warning: Citation `ots2017vat' on page 7 undefined on input line
 67.


Package natbib Warning: Citation `hmt2018cfe' on page 7 undefined on input line
 70.


Package natbib Warning: Citation `eudirective2020285' on page 7 undefined on in
put line 73.

) (./Sections/data.tex

Package natbib Warning: Citation `policyengine' on page 7 undefined on input li
ne 10.


LaTeX Warning: Reference `app:data' on page 7 undefined on input line 12.


Overfull \hbox (0.61864pt too wide) in paragraph at lines 4--16
\TU/KpRoman(1)/m/n/12 Study-ing firm re-sponses at the thresh-old needs firm-le
vel turnover near the cut-off, which
[7<./figures/obr_vat_bunching_85k.png>]

LaTeX Warning: Reference `app:data' on page 8 undefined on input line 20.


Overfull \hbox (0.3166pt too wide) in paragraph at lines 60--64
[]\TU/KpRoman(1)/m/n/12 The base pop-u-la-tion re-pro-duces the ONS struc-ture 
but not the HMRC VAT-registered
[8]

LaTeX Warning: Reference `app:data' on page 9 undefined on input line 107.


Package natbib Warning: Citation `obr2023vat' on page 9 undefined on input line
 123.


Package natbib Warning: Citation `liuetal2021' on page 9 undefined on input lin
e 123.


LaTeX Warning: Reference `sec:behavioural' on page 9 undefined on input line 13
3.


Overfull \hbox (14.26959pt too wide) in paragraph at lines 112--134
\TU/KpRoman(1)/m/n/12 statu-tory thresh-old was £85,000. The HMRC band tar-get
s step down across the threshold---
[9]) (./Sections/static.tex [10<./figures/turnover_distribution_85k.png>]

Package natbib Warning: Citation `liuetal2021' on page 11 undefined on input li
ne 17.


LaTeX Warning: Reference `sec:behavioural' on page 11 undefined on input line 2
9.


Package natbib Warning: Citation `hmt_spring_budget_2024' on page 11 undefined 
on input line 52.


Package natbib Warning: Citation `liuetal2021' on page 11 undefined on input li
ne 65.

[11]

LaTeX Warning: Reference `sec:behavioural' on page 12 undefined on input line 1
13.

[12<./figures/vat_threshold_revenue_impact.png>]
Overfull \hbox (13.10669pt too wide) in paragraph at lines 164--178
\TU/KpRoman(1)/m/n/12 The thresh-old sweep above moves the \TU/KpRoman(1)/m/it/
12 lo-ca-tion \TU/KpRoman(1)/m/n/12 of a sin-gle cut-off. The same static princ
iple---
[13]

LaTeX Warning: Reference `sec:model' on page 14 undefined on input line 189.


LaTeX Warning: Reference `sec:conclusion' on page 14 undefined on input line 19
2.

[14<./figures/revenue_impact_2025_26.png><./figures/firms_impact_2025_26.png>]

LaTeX Warning: Reference `sec:behavioural' on page 15 undefined on input line 2
28.


LaTeX Warning: Reference `sec:model' on page 15 undefined on input line 233.

) (./Sections/bunching.tex

Package natbib Warning: Citation `chettyetal2011' on page 15 undefined on input
 line 5.


Package natbib Warning: Citation `klevenwaseem2013' on page 15 undefined on inp
ut line 5.


Package natbib Warning: Citation `liuetal2021' on page 15 undefined on input li
ne 6.


Package natbib Warning: Citation `liuetal2021' on page 15 undefined on input li
ne 17.

[15]

Package natbib Warning: Citation `liuetal2021' on page 16 undefined on input li
ne 38.


LaTeX Warning: Reference `app:inference' on page 16 undefined on input line 53.



Package natbib Warning: Citation `blomquistetal2021' on page 16 undefined on in
put line 68.


Package natbib Warning: Citation `bertanhaetal2023' on page 16 undefined on inp
ut line 68.


Overfull \hbox (25.36118pt too wide) in paragraph at lines 59--70
\TU/KpRoman(1)/m/n/12 the ap-prox-i-ma-tion hold-ing when $\TU/KpMath-Regular.o
tf(1)/m/n/12 𝑔$ \TU/KpRoman(1)/m/n/12 is lo-cally smooth. The bunch-ing ra-t
io $\TU/KpMath-Regular.otf(1)/m/n/12 𝑏(𝑦[]) = 𝐵(𝑦[])/𝑔(𝑦[]) 
≈
[16]

Package natbib Warning: Citation `liuetal2021' on page 17 undefined on input li
ne 85.


LaTeX Warning: Reference `fig:bunch85' on page 17 undefined on input line 90.

[17<./figures/bunching_analysis_85k.png><./figures/bunching_analysis_90k.png>]

Package natbib Warning: Citation `liuetal2021' on page 18 undefined on input li
ne 165.


Package natbib Warning: Citation `obr2023vat' on page 18 undefined on input lin
e 180.

[18]

LaTeX Warning: Reference `sec:model' on page 19 undefined on input line 193.


LaTeX Warning: Reference `sec:behavioural' on page 19 undefined on input line 1
99.

) (./Sections/model.tex

Package natbib Warning: Citation `liuetal2021' on page 19 undefined on input li
ne 5.


Package natbib Warning: Citation `klevenwaseem2013' on page 19 undefined on inp
ut line 9.


Package natbib Warning: Citation `saez2010' on page 19 undefined on input line 
9.


Package natbib Warning: Citation `kleven2016' on page 19 undefined on input lin
e 10.


Package natbib Warning: Citation `liuetal2021' on page 19 undefined on input li
ne 10.


LaTeX Warning: Reference `ssec:dominated' on page 19 undefined on input line 16
.


LaTeX Warning: Reference `sec:behavioural' on page 19 undefined on input line 1
8.


Package natbib Warning: Citation `liuetal2021' on page 19 undefined on input li
ne 25.


Overfull \hbox (9.26462pt too wide) in paragraph at lines 22--29
\TU/KpRoman(1)/m/n/12 Two pop-u-la-tions are out-side its scope and are treated
 as such through-out: below-threshold
[19]

LaTeX Warning: Reference `eq:firm-problem' on page 20 undefined on input line 5
6.


Package natbib Warning: Citation `klevenwaseem2013' on page 20 undefined on inp
ut line 77.


LaTeX Warning: Reference `fig:notch_fit' on page 20 undefined on input line 81.



Overfull \hbox (15.01466pt too wide) in paragraph at lines 76--82
\TU/KpMath-Regular.otf(1)/m/n/12 £85[]000 × 0.20/0.80 = £21[]250$\TU/KpRoman
(1)/m/n/12 , so the dom-i-nated re-gion is $\TU/KpMath-Regular.otf(1)/m/n/12 (
𝑇[],  𝑇[] + 𝑎) = (£85[]000,  £106[]250)$\TU/KpRoman(1)/m/n/12 ,
[20]

LaTeX Warning: Reference `sec:behavioural' on page 21 undefined on input line 1
12.


LaTeX Warning: Reference `sec:behavioural' on page 21 undefined on input line 1
12.


LaTeX Warning: Reference `eq:dominated' on page 21 undefined on input line 120.



LaTeX Warning: Reference `eq:dominated-secondary' on page 21 undefined on input
 line 120.


LaTeX Warning: Reference `sec:conclusion' on page 21 undefined on input line 15
9.

) (./Sections/behavioural.tex
Overfull \hbox (8.2552pt too wide) in paragraph at lines 139--1
\TU/KpMath-Regular.otf(1)/m/n/12 (𝜏 − 𝑟) 𝑇[] = £5[]250$\TU/KpRoman(
1)/m/n/12 . The firm counts con-firm this (\TU/KpMono(0)/m/n/12 results/dominat
ed_region_mass.txt\TU/KpRoman(1)/m/n/12 ):
[21] [22<./figures/dynamic_notch_fit_e017.png>]

LaTeX Warning: Reference `sec:model' on page 23 undefined on input line 8.


Package natbib Warning: Citation `klevenwaseem2013' on page 23 undefined on inp
ut line 23.


Package natbib Warning: Citation `saez2010' on page 23 undefined on input line 
24.


Package natbib Warning: Citation `liuetal2021' on page 23 undefined on input li
ne 25.

[23]

LaTeX Warning: Reference `fig:formulation_a_optima' on page 24 undefined on inp
ut line 59.


LaTeX Warning: Reference `eq:isoelastic' on page 24 undefined on input line 72.



LaTeX Warning: Reference `eq:isoelastic' on page 24 undefined on input line 72.



LaTeX Warning: Reference `eq:flat-optimum' on page 24 undefined on input line 7
9.


Overfull \hbox (0.45064pt too wide) in paragraph at lines 76--83
\TU/KpRoman(1)/m/n/12 firm’s op-ti-mal turnover un-der a coun-ter-fac-tual sc
hed-ule, \TU/KpRoman(1)/m/it/12 given \TU/KpRoman(1)/m/n/12 that its ob-served 
turnover

Overfull \hbox (2.70668pt too wide) in paragraph at lines 87--96
\TU/KpRoman(1)/m/n/12 The in-ten-sive re-sponse de-pends only on $\TU/KpMath-Re
gular.otf(1)/m/n/12 𝑒$\TU/KpRoman(1)/m/n/12 , the statu-tory rate, and the s
ched-ule fractions---
[24<./figures/formulation_a_optima.png>]

LaTeX Warning: Reference `eq:rescale' on page 25 undefined on input line 99.


LaTeX Warning: Reference `sec:model' on page 25 undefined on input line 102.


Overfull \hbox (19.06874pt too wide) in paragraph at lines 97--117
[]\TU/KpRoman(1)/b/n/12 Region-confined scope.[] \TU/KpRoman(1)/m/n/12 The mar-
gin priced here is purely \TU/KpRoman(1)/m/it/12 in-ten-sive\TU/KpRoman(1)/m/n/
12 : each firm re-optimises

Package natbib Warning: Citation `klevenwaseem2013' on page 25 undefined on inp
ut line 122.


Package natbib Warning: Citation `liuetal2021' on page 25 undefined on input li
ne 125.


LaTeX Warning: Reference `sec:model' on page 25 undefined on input line 128.


Overfull \hbox (1.25473pt too wide) in paragraph at lines 118--129
[]\TU/KpRoman(1)/b/n/12 Con-di-tional on $\TU/KpMath-Regular.otf(1)/m/n/12 
𝑒$\TU/KpRoman(1)/b/n/12 .[] \TU/KpRoman(1)/m/n/12 The elas-tic-ity $\TU/KpMa
th-Regular.otf(1)/m/n/12 𝑒$ \TU/KpRoman(1)/m/n/12 is not iden-ti-fied from t
hese data, so ev-ery be-havioural

LaTeX Warning: Reference `tab:behavioural_costs' on page 25 undefined on input 
line 133.


LaTeX Warning: Reference `eq:rescale' on page 25 undefined on input line 152.


LaTeX Warning: Reference `ssec:simulator' on page 25 undefined on input line 15
2.


LaTeX Warning: Reference `eq:rescale' on page 25 undefined on input line 152.


LaTeX Warning: Reference `ssec:simulator' on page 25 undefined on input line 15
2.


Overfull \hbox (34.0586pt too wide) in paragraph at lines 154--166
 [][] 

LaTeX Warning: Reference `sec:model' on page 25 undefined on input line 173.


LaTeX Warning: Reference `eq:rescale' on page 25 undefined on input line 182.

[25]

LaTeX Warning: Reference `eq:rescale' on page 26 undefined on input line 198.


LaTeX Warning: Reference `fig:reform_dist' on page 26 undefined on input line 2
04.


LaTeX Warning: Reference `ssec:simulator' on page 26 undefined on input line 22
7.


LaTeX Warning: Reference `ssec:simulator' on page 26 undefined on input line 22
7.


LaTeX Warning: Reference `sec:model' on page 26 undefined on input line 233.

) (./Sections/conclusion.tex [26] [27<./figures/dynamic_cost_vs_elasticity.png>
]

Package natbib Warning: Citation `garicano2016' on page 28 undefined on input l
ine 8.


Package natbib Warning: Citation `gourioroys2014' on page 28 undefined on input
 line 9.


LaTeX Warning: Reference `tab:summary' on page 28 undefined on input line 12.


Overfull \hbox (20.66867pt too wide) in paragraph at lines 4--13
\TU/KpRoman(1)/m/n/12 the UK VAT reg-is-tra-tion thresh-old, re-leased in full-
--including its synthetic-data generator---

LaTeX Warning: Reference `ssec:dominated' on page 28 undefined on input line 29
.


LaTeX Warning: Reference `ssec:dominated' on page 28 undefined on input line 30
.


LaTeX Warning: Reference `sec:behavioural' on page 28 undefined on input line 3
1.


Overfull \hbox (71.13858pt too wide) in paragraph at lines 23--35
 [][] 

Overfull \hbox (5.21452pt too wide) in paragraph at lines 37--48
\TU/KpRoman(1)/m/n/12 2025--26 and the voluntary-retention con-ven-tion $\TU/Kp
Math-Regular.otf(1)/m/n/12 −$\TU/KpRoman(1)/m/n/12 £141m, against the pub-li
shed $\TU/KpMath-Regular.otf(1)/m/n/12 −$\TU/KpRoman(1)/m/n/12 £185m,

Package natbib Warning: Citation `klevenwaseem2013' on page 28 undefined on inp
ut line 50.

[28]

Package natbib Warning: Citation `liuetal2021' on page 29 undefined on input li
ne 77.


Package natbib Warning: Citation `keenmintz2004' on page 29 undefined on input 
line 104.


Package natbib Warning: Citation `benedek2015' on page 29 undefined on input li
ne 114.


Package natbib Warning: Citation `belloncopestake2022' on page 29 undefined on 
input line 114.

) [29] [30]
No file main.bbl.
(./Appendix/appendix.tex

LaTeX Warning: Reference `app:data' on page 31 undefined on input line 5.


LaTeX Warning: Reference `app:inference' on page 31 undefined on input line 7.

(./Appendix/a_data.tex
Overfull \hbox (11.12668pt too wide) in paragraph at lines 32--61
\TU/KpRoman(1)/m/n/12 tion check rather than a silent re-place-ment. The snap-s
hot used here is Pol-i-cyEngine/ledger

Overfull \hbox (30.38661pt too wide) in paragraph at lines 32--61
\TU/KpRoman(1)/m/n/12 and max-i-mum nu-meric dif-fer-ence zero. (The ``2024--25
 vin-tage'' here de-notes the HMRC/ONS

Overfull \hbox (3.00157pt too wide) in paragraph at lines 32--61
\TU/KpRoman(1)/m/n/12 tion cal-i-brates to.) A 1,000-iteration Pop-u-lace run f
rom those tar-gets gen-er-ated 2,946,015

Overfull \hbox (58.07478pt too wide) in paragraph at lines 32--61
\TU/KpMono(0)/m/n/12 firm-microsim-populace-ledger \TU/KpRoman(1)/m/n/12 and ch
ecked into \TU/KpMono(0)/m/n/12 results/populace_ledger_comparison.txt
[31]

LaTeX Warning: Reference `app:inference' on page 32 undefined on input line 71.


) (./Appendix/a_inference.tex

Package natbib Warning: Citation `liuetal2021' on page 32 undefined on input li
ne 14.


Package natbib Warning: Citation `blomquistetal2021' on page 32 undefined on in
put line 18.


Package natbib Warning: Citation `bertanhaetal2023' on page 32 undefined on inp
ut line 18.


Overfull \hbox (8.25868pt too wide) in paragraph at lines 4--25
\TU/KpMono(0)/m/n/12 results/recovery_bunching.txt\TU/KpRoman(1)/m/n/12 . The e
s-ti-ma-tor re-ports the ge-om-e-try only---the bunch-

Overfull \hbox (16.15141pt too wide) in paragraph at lines 4--25
\TU/KpRoman(1)/m/n/12 ing ra-tio $\TU/KpMath-Regular.otf(1)/m/n/12 𝑏$\TU/KpR
oman(1)/m/n/12 , its \TU/KpRoman(1)/b/n/12 ?\TU/KpRoman(1)/m/n/12 -normalised c
oun-ter-part $\TU/KpMath-Regular.otf(1)/m/n/12 𝑏[]$\TU/KpRoman(1)/m/n/12 , t
he ex-cess mass $\TU/KpMath-Regular.otf(1)/m/n/12 𝐸$\TU/KpRoman(1)/m/n/12 , 
and the mass-conservation

Package natbib Warning: Citation `chettyetal2011' on page 32 undefined on input
 line 28.


Package natbib Warning: Citation `klevenwaseem2013' on page 32 undefined on inp
ut line 29.

[32]

LaTeX Warning: Reference `tab:boot' on page 33 undefined on input line 71.

[33]

LaTeX Warning: Reference `tab:placebo' on page 34 undefined on input line 109.


LaTeX Warning: Reference `ssec:bunch-placebo' on page 34 undefined on input lin
e 109.


LaTeX Warning: Reference `tab:recovery' on page 34 undefined on input line 145.



Underfull \hbox (badness 1845) in paragraph at lines 156--156
[][]\TU/KpRoman(1)/b/n/12 Ta-ble A.3[][]: []|\TU/KpRoman(1)/m/n/12 Power (re-co
v-ery) test on the step-free pop-u-la-tion: Kleven--Waseem-
[34])))

Package natbib Warning: There were undefined citations.

[35] (./main.aux)

LaTeX Warning: There were undefined references.


LaTeX Warning: Label(s) may have changed. Rerun to get cross-references right.


Package rerunfilecheck Warning: File `main.out' has changed.
(rerunfilecheck)                Rerun to get outlines right
(rerunfilecheck)                or use package `bookmark'.

)
(see the transcript file for additional information)
 1044 words of node memory still in use:
   6 hlist, 2 vlist, 2 rule, 16 glue, 4 kern, 1 glyph, 117 attribute, 77 glue_s
pec, 59 attribute_list, 2 write, 1 pdf_action nodes
   avail lists: 1:1,2:934,3:178,4:65,5:777,6:32,7:10169,8:70,9:368,10:28,11:735


warning  (pdf backend): unreferenced destination with name 'Hfootnote.2'

warning  (pdf backend): unreferenced destination with name 'Hfootnote.1'
</usr/local/texlive/2026/texmf-dist/fonts/opentype/public/kpfonts-otf/KpMono-Re
gular.otf></usr/local/texlive/2026/texmf-dist/fonts/opentype/public/kpfonts-otf
/KpMath-Regular.otf></usr/local/texlive/2026/texmf-dist/fonts/opentype/public/k
pfonts-otf/KpMath-Regular.otf></usr/local/texlive/2026/texmf-dist/fonts/opentyp
e/public/kpfonts-otf/KpMath-Regular.otf></usr/local/texlive/2026/texmf-dist/fon
ts/opentype/public/kpfonts-otf/KpMath-Regular.otf></usr/local/texlive/2026/texm
f-dist/fonts/opentype/public/kpfonts-otf/KpRoman-Italic.otf></usr/local/texlive
/2026/texmf-dist/fonts/opentype/public/kpfonts-otf/KpRoman-Bold.otf></usr/local
/texlive/2026/texmf-dist/fonts/opentype/public/kpfonts-otf/KpRoman-Regular.otf>

Output written on main.pdf (35 pages, 2115080 bytes).
Transcript written on main.log.
Latexmk: Getting log file 'main.log'
Latexmk: Examining 'main.fls'
Latexmk: Examining 'main.log'
Latexmk: Missing bbl file 'main.bbl' in following:
 No file main.bbl.
Latexmk: References changed.
Latexmk: References changed.
Latexmk: References changed.
Latexmk: Log file says output to 'main.pdf'
Latexmk: Using bibtex to make bibliography file(s).
  ===Source file 'main.bbl' for 'lualatex'
Create bibtex main
Latexmk: Found bibliography file(s):
  ./references.bib
Latexmk: applying rule 'bibtex main'...
Rule 'bibtex main':  Reasons for rerun
Category 'other':
  Rerun of 'bibtex main' forced or previously required:
    Reason or flag: 'Initial set up of rule'

------------
Run number 1 of rule 'bibtex main'
------------
------------
Running 'bibtex  "main.aux"'
------------
This is BibTeX, Version 0.99e (TeX Live 2026)
The top-level auxiliary file: main.aux
The style file: econ.bst
Database file #1: references.bib
Latexmk: applying rule 'lualatex'...
Rule 'lualatex':  Reasons for rerun
Changed files or newly in use/created:
  main.aux
  main.bbl
  main.out

------------
Run number 2 of rule 'lualatex'
------------
------------
Running 'lualatex  -interaction=nonstopmode -halt-on-error -recorder  "main.tex"'
------------
This is LuaHBTeX, Version 1.24.0 (TeX Live 2026) 
 restricted system commands enabled.
(./main.tex
LaTeX2e <2025-11-01>
L3 programming layer <2026-01-19>
 (/usr/local/texlive/2026/texmf-dist/tex/latex/base/article.cls
Document Class: article 2025/01/22 v1.4n Standard LaTeX document class
(/usr/local/texlive/2026/texmf-dist/tex/latex/base/size12.clo))
(./YGTemplate.sty
(/usr/local/texlive/2026/texmf-dist/tex/latex/fontspec/fontspec.sty
(/usr/local/texlive/2026/texmf-dist/tex/latex/l3packages/xparse/xparse.sty
(/usr/local/texlive/2026/texmf-dist/tex/latex/l3kernel/expl3.sty
(/usr/local/texlive/2026/texmf-dist/tex/latex/l3backend/l3backend-luatex.def)))
 (/usr/local/texlive/2026/texmf-dist/tex/latex/fontspec/fontspec-luatex.sty
(/usr/local/texlive/2026/texmf-dist/tex/latex/base/fontenc.sty)
(/usr/local/texlive/2026/texmf-dist/tex/latex/fontspec/fontspec.cfg)))
(/usr/local/texlive/2026/texmf-dist/tex/generic/babel/babel.sty
(/usr/local/texlive/2026/texmf-dist/tex/generic/babel/luababel.def)
(/usr/local/texlive/2026/texmf-dist/tex/generic/babel/luababel.def)
(/usr/local/texlive/2026/texmf-dist/tex/generic/babel/locale/en/babel-english.t
ex) (/usr/local/texlive/2026/texmf-dist/tex/generic/babel-english/english.ldf))
 (/usr/local/texlive/2026/texmf-dist/tex/latex/base/fontenc.sty
(/usr/local/texlive/2026/texmf-dist/tex/latex/lm/t1lmr.fd))
(/usr/local/texlive/2026/texmf-dist/tex/latex/a4wide/a4wide.sty
(/usr/local/texlive/2026/texmf-dist/tex/latex/ntgclass/a4.sty))
(/usr/local/texlive/2026/texmf-dist/tex/latex/xcolor/xcolor.sty
(/usr/local/texlive/2026/texmf-dist/tex/latex/graphics-cfg/color.cfg)

Package xcolor Warning: Package option `usenames' is obsolete and ignored on in
put line 265.

(/usr/local/texlive/2026/texmf-dist/tex/latex/graphics-def/luatex.def)
(/usr/local/texlive/2026/texmf-dist/tex/latex/graphics/mathcolor.ltx))
(/usr/local/texlive/2026/texmf-dist/tex/latex/graphics/dvipsnam.def)
(/usr/local/texlive/2026/texmf-dist/tex/latex/graphics/graphicx.sty
(/usr/local/texlive/2026/texmf-dist/tex/latex/graphics/keyval.sty)
(/usr/local/texlive/2026/texmf-dist/tex/latex/graphics/graphics.sty
(/usr/local/texlive/2026/texmf-dist/tex/latex/graphics/trig.sty)
(/usr/local/texlive/2026/texmf-dist/tex/latex/graphics-cfg/graphics.cfg)))
(/usr/local/texlive/2026/texmf-dist/tex/latex/tools/tabularx.sty
(/usr/local/texlive/2026/texmf-dist/tex/latex/tools/array.sty))
(/usr/local/texlive/2026/texmf-dist/tex/latex/subfigure/subfigure.sty
****************************************
* Local config file subfigure.cfg used *
****************************************
(/usr/local/texlive/2026/texmf-dist/tex/latex/subfigure/subfigure.cfg))
(/usr/local/texlive/2026/texmf-dist/tex/latex/float/float.sty)
(/usr/local/texlive/2026/texmf-dist/tex/latex/caption/caption.sty
(/usr/local/texlive/2026/texmf-dist/tex/latex/caption/caption3.sty))
(/usr/local/texlive/2026/texmf-dist/tex/latex/caption/subcaption.sty)
(/usr/local/texlive/2026/texmf-dist/tex/latex/fnpct/fnpct.sty
(/usr/local/texlive/2026/texmf-dist/tex/latex/l3packages/l3keys2e/l3keys2e.sty)
(/usr/local/texlive/2026/texmf-dist/tex/latex/translations/translations.sty
(/usr/local/texlive/2026/texmf-dist/tex/latex/etoolbox/etoolbox.sty)
(/usr/local/texlive/2026/texmf-dist/tex/generic/pdftexcmds/pdftexcmds.sty
(/usr/local/texlive/2026/texmf-dist/tex/generic/infwarerr/infwarerr.sty)
(/usr/local/texlive/2026/texmf-dist/tex/generic/iftex/iftex.sty)
(/usr/local/texlive/2026/texmf-dist/tex/generic/ltxcmds/ltxcmds.sty))))
(/usr/local/texlive/2026/texmf-dist/tex/latex/kpfonts/kpfonts.sty
(/usr/local/texlive/2026/texmf-dist/tex/latex/kpfonts-otf/kpfonts-otf.sty
(/usr/local/texlive/2026/texmf-dist/tex/latex/realscripts/realscripts.sty)
(/usr/local/texlive/2026/texmf-dist/tex/latex/kpfonts-otf/KpRoman.fontspec)
(/usr/local/texlive/2026/texmf-dist/tex/latex/kpfonts-otf/KpLight.fontspec)
(/usr/local/texlive/2026/texmf-dist/tex/latex/kpfonts-otf/KpSans.fontspec)
(/usr/local/texlive/2026/texmf-dist/tex/latex/kpfonts-otf/KpMono.fontspec)
(/usr/local/texlive/2026/texmf-dist/tex/latex/unicode-math/unicode-math.sty
(/usr/local/texlive/2026/texmf-dist/tex/latex/unicode-math/unicode-math-luatex.
sty (/usr/local/texlive/2026/texmf-dist/tex/latex/base/fix-cm.sty
(/usr/local/texlive/2026/texmf-dist/tex/latex/base/ts1enc.def))
(/usr/local/texlive/2026/texmf-dist/tex/latex/amsmath/amsmath.sty
For additional information on amsmath, use the `?' option.
(/usr/local/texlive/2026/texmf-dist/tex/latex/amsmath/amstext.sty
(/usr/local/texlive/2026/texmf-dist/tex/latex/amsmath/amsgen.sty))
(/usr/local/texlive/2026/texmf-dist/tex/latex/amsmath/amsbsy.sty)
(/usr/local/texlive/2026/texmf-dist/tex/latex/amsmath/amsopn.sty))
(/usr/local/texlive/2026/texmf-dist/tex/lualatex/lualatex-math/lualatex-math.st
y)
(/usr/local/texlive/2026/texmf-dist/tex/latex/unicode-math/unicode-math-table.t
ex)))
(/usr/local/texlive/2026/texmf-dist/tex/latex/kpfonts-otf/KpMath-Regular.fontsp
ec))) (/usr/local/texlive/2026/texmf-dist/tex/latex/pgf/frontendlayer/tikz.sty
(/usr/local/texlive/2026/texmf-dist/tex/latex/pgf/basiclayer/pgf.sty
(/usr/local/texlive/2026/texmf-dist/tex/latex/pgf/utilities/pgfrcs.sty
(/usr/local/texlive/2026/texmf-dist/tex/generic/pgf/utilities/pgfutil-common.te
x)
(/usr/local/texlive/2026/texmf-dist/tex/generic/pgf/utilities/pgfutil-latex.def
) (/usr/local/texlive/2026/texmf-dist/tex/generic/pgf/utilities/pgfrcs.code.tex
(/usr/local/texlive/2026/texmf-dist/tex/generic/pgf/pgf.revision.tex)))
(/usr/local/texlive/2026/texmf-dist/tex/latex/pgf/basiclayer/pgfcore.sty
(/usr/local/texlive/2026/texmf-dist/tex/latex/pgf/systemlayer/pgfsys.sty
(/usr/local/texlive/2026/texmf-dist/tex/generic/pgf/systemlayer/pgfsys.code.tex
(/usr/local/texlive/2026/texmf-dist/tex/generic/pgf/utilities/pgfkeys.code.tex
(/usr/local/texlive/2026/texmf-dist/tex/generic/pgf/utilities/pgfkeyslibraryfil
tered.code.tex))
(/usr/local/texlive/2026/texmf-dist/tex/generic/pgf/systemlayer/pgf.cfg)
(/usr/local/texlive/2026/texmf-dist/tex/generic/pgf/systemlayer/pgfsys-luatex.d
ef
(/usr/local/texlive/2026/texmf-dist/tex/generic/pgf/systemlayer/pgfsys-common-p
df.def)))
(/usr/local/texlive/2026/texmf-dist/tex/generic/pgf/systemlayer/pgfsyssoftpath.
code.tex)
(/usr/local/texlive/2026/texmf-dist/tex/generic/pgf/systemlayer/pgfsysprotocol.
code.tex))
(/usr/local/texlive/2026/texmf-dist/tex/generic/pgf/basiclayer/pgfcore.code.tex
(/usr/local/texlive/2026/texmf-dist/tex/generic/pgf/math/pgfmath.code.tex
(/usr/local/texlive/2026/texmf-dist/tex/generic/pgf/math/pgfmathutil.code.tex)
(/usr/local/texlive/2026/texmf-dist/tex/generic/pgf/math/pgfmathparser.code.tex
)
(/usr/local/texlive/2026/texmf-dist/tex/generic/pgf/math/pgfmathfunctions.code.
tex)
(/usr/local/texlive/2026/texmf-dist/tex/generic/pgf/math/pgfmathfunctions.basic
.code.tex)
(/usr/local/texlive/2026/texmf-dist/tex/generic/pgf/math/pgfmathfunctions.trigo
nometric.code.tex)
(/usr/local/texlive/2026/texmf-dist/tex/generic/pgf/math/pgfmathfunctions.rando
m.code.tex)
(/usr/local/texlive/2026/texmf-dist/tex/generic/pgf/math/pgfmathfunctions.compa
rison.code.tex)
(/usr/local/texlive/2026/texmf-dist/tex/generic/pgf/math/pgfmathfunctions.base.
code.tex)
(/usr/local/texlive/2026/texmf-dist/tex/generic/pgf/math/pgfmathfunctions.round
.code.tex)
(/usr/local/texlive/2026/texmf-dist/tex/generic/pgf/math/pgfmathfunctions.misc.
code.tex)
(/usr/local/texlive/2026/texmf-dist/tex/generic/pgf/math/pgfmathfunctions.integ
erarithmetics.code.tex)
(/usr/local/texlive/2026/texmf-dist/tex/generic/pgf/math/pgfmathcalc.code.tex)
(/usr/local/texlive/2026/texmf-dist/tex/generic/pgf/math/pgfmathfloat.code.tex)
) (/usr/local/texlive/2026/texmf-dist/tex/generic/pgf/math/pgfint.code.tex)
(/usr/local/texlive/2026/texmf-dist/tex/generic/pgf/basiclayer/pgfcorepoints.co
de.tex)
(/usr/local/texlive/2026/texmf-dist/tex/generic/pgf/basiclayer/pgfcorepathconst
ruct.code.tex)
(/usr/local/texlive/2026/texmf-dist/tex/generic/pgf/basiclayer/pgfcorepathusage
.code.tex)
(/usr/local/texlive/2026/texmf-dist/tex/generic/pgf/basiclayer/pgfcorescopes.co
de.tex)
(/usr/local/texlive/2026/texmf-dist/tex/generic/pgf/basiclayer/pgfcoregraphicst
ate.code.tex)
(/usr/local/texlive/2026/texmf-dist/tex/generic/pgf/basiclayer/pgfcoretransform
ations.code.tex)
(/usr/local/texlive/2026/texmf-dist/tex/generic/pgf/basiclayer/pgfcorequick.cod
e.tex)
(/usr/local/texlive/2026/texmf-dist/tex/generic/pgf/basiclayer/pgfcoreobjects.c
ode.tex)
(/usr/local/texlive/2026/texmf-dist/tex/generic/pgf/basiclayer/pgfcorepathproce
ssing.code.tex)
(/usr/local/texlive/2026/texmf-dist/tex/generic/pgf/basiclayer/pgfcorearrows.co
de.tex)
(/usr/local/texlive/2026/texmf-dist/tex/generic/pgf/basiclayer/pgfcoreshade.cod
e.tex)
(/usr/local/texlive/2026/texmf-dist/tex/generic/pgf/basiclayer/pgfcoreimage.cod
e.tex)
(/usr/local/texlive/2026/texmf-dist/tex/generic/pgf/basiclayer/pgfcoreexternal.
code.tex)
(/usr/local/texlive/2026/texmf-dist/tex/generic/pgf/basiclayer/pgfcorelayers.co
de.tex)
(/usr/local/texlive/2026/texmf-dist/tex/generic/pgf/basiclayer/pgfcoretranspare
ncy.code.tex)
(/usr/local/texlive/2026/texmf-dist/tex/generic/pgf/basiclayer/pgfcorepatterns.
code.tex)
(/usr/local/texlive/2026/texmf-dist/tex/generic/pgf/basiclayer/pgfcorerdf.code.
tex)))
(/usr/local/texlive/2026/texmf-dist/tex/generic/pgf/modules/pgfmoduleshapes.cod
e.tex)
(/usr/local/texlive/2026/texmf-dist/tex/generic/pgf/modules/pgfmoduleplot.code.
tex)
(/usr/local/texlive/2026/texmf-dist/tex/latex/pgf/compatibility/pgfcomp-version
-0-65.sty)
(/usr/local/texlive/2026/texmf-dist/tex/latex/pgf/compatibility/pgfcomp-version
-1-18.sty))
(/usr/local/texlive/2026/texmf-dist/tex/latex/pgf/utilities/pgffor.sty
(/usr/local/texlive/2026/texmf-dist/tex/latex/pgf/utilities/pgfkeys.sty
(/usr/local/texlive/2026/texmf-dist/tex/generic/pgf/utilities/pgfkeys.code.tex)
) (/usr/local/texlive/2026/texmf-dist/tex/latex/pgf/math/pgfmath.sty
(/usr/local/texlive/2026/texmf-dist/tex/generic/pgf/math/pgfmath.code.tex))
(/usr/local/texlive/2026/texmf-dist/tex/generic/pgf/utilities/pgffor.code.tex))

(/usr/local/texlive/2026/texmf-dist/tex/generic/pgf/frontendlayer/tikz/tikz.cod
e.tex
(/usr/local/texlive/2026/texmf-dist/tex/generic/pgf/libraries/pgflibraryplothan
dlers.code.tex)
(/usr/local/texlive/2026/texmf-dist/tex/generic/pgf/modules/pgfmodulematrix.cod
e.tex)
(/usr/local/texlive/2026/texmf-dist/tex/generic/pgf/frontendlayer/tikz/librarie
s/tikzlibrarytopaths.code.tex)))
(/usr/local/texlive/2026/texmf-dist/tex/latex/pgfplots/pgfplots.sty
(/usr/local/texlive/2026/texmf-dist/tex/generic/pgfplots/pgfplots.revision.tex)
(/usr/local/texlive/2026/texmf-dist/tex/generic/pgfplots/pgfplots.code.tex
(/usr/local/texlive/2026/texmf-dist/tex/generic/pgfplots/pgfplotscore.code.tex
(/usr/local/texlive/2026/texmf-dist/tex/generic/pgfplots/sys/pgfplotssysgeneric
.code.tex))
(/usr/local/texlive/2026/texmf-dist/tex/generic/pgfplots/libs/pgfplotslibrary.c
ode.tex)
(/usr/local/texlive/2026/texmf-dist/tex/generic/pgfplots/oldpgfcompatib/pgfplot
soldpgfsupp_loader.code.tex
(/usr/local/texlive/2026/texmf-dist/tex/generic/pgf/libraries/pgflibraryfpu.cod
e.tex)
(/usr/local/texlive/2026/texmf-dist/tex/generic/pgfplots/oldpgfcompatib/pgfplot
soldpgfsupp_pgfutil-common-lists.tex)
(/usr/local/texlive/2026/texmf-dist/tex/generic/pgf/libraries/luamath/pgflibrar
yluamath.code.tex))
(/usr/local/texlive/2026/texmf-dist/tex/generic/pgfplots/util/pgfplotsutil.code
.tex
(/usr/local/texlive/2026/texmf-dist/tex/generic/pgfplots/liststructure/pgfplots
liststructure.code.tex)
(/usr/local/texlive/2026/texmf-dist/tex/generic/pgfplots/liststructure/pgfplots
liststructureext.code.tex)
(/usr/local/texlive/2026/texmf-dist/tex/generic/pgfplots/liststructure/pgfplots
array.code.tex)
(/usr/local/texlive/2026/texmf-dist/tex/generic/pgfplots/liststructure/pgfplots
matrix.code.tex)
(/usr/local/texlive/2026/texmf-dist/tex/generic/pgfplots/numtable/pgfplotstable
shared.code.tex)
(/usr/local/texlive/2026/texmf-dist/tex/generic/pgfplots/liststructure/pgfplots
deque.code.tex)
(/usr/local/texlive/2026/texmf-dist/tex/generic/pgfplots/util/pgfplotsbinary.co
de.tex
(/usr/local/texlive/2026/texmf-dist/tex/generic/pgfplots/util/pgfplotsbinary.da
ta.code.tex))
(/usr/local/texlive/2026/texmf-dist/tex/generic/pgfplots/util/pgfplotsutil.verb
.code.tex)
(/usr/local/texlive/2026/texmf-dist/tex/generic/pgfplots/libs/pgflibrarypgfplot
s.surfshading.code.tex
(/usr/local/texlive/2026/texmf-dist/tex/generic/pgfplots/sys/pgflibrarypgfplots
.surfshading.pgfsys-luatex.def)))
(/usr/local/texlive/2026/texmf-dist/tex/generic/pgfplots/util/pgfplotscolormap.
code.tex
(/usr/local/texlive/2026/texmf-dist/tex/generic/pgfplots/util/pgfplotscolor.cod
e.tex))
(/usr/local/texlive/2026/texmf-dist/tex/generic/pgfplots/pgfplotsstackedplots.c
ode.tex)
(/usr/local/texlive/2026/texmf-dist/tex/generic/pgfplots/pgfplotsplothandlers.c
ode.tex
(/usr/local/texlive/2026/texmf-dist/tex/generic/pgfplots/pgfplotsmeshplothandle
r.code.tex
(/usr/local/texlive/2026/texmf-dist/tex/generic/pgfplots/pgfplotsmeshplotimage.
code.tex)))
(/usr/local/texlive/2026/texmf-dist/tex/generic/pgfplots/pgfplots.scaling.code.
tex)
(/usr/local/texlive/2026/texmf-dist/tex/generic/pgfplots/pgfplotscoordprocessin
g.code.tex)
(/usr/local/texlive/2026/texmf-dist/tex/generic/pgfplots/pgfplots.errorbars.cod
e.tex)
(/usr/local/texlive/2026/texmf-dist/tex/generic/pgfplots/pgfplots.markers.code.
tex)
(/usr/local/texlive/2026/texmf-dist/tex/generic/pgfplots/pgfplotsticks.code.tex
)
(/usr/local/texlive/2026/texmf-dist/tex/generic/pgfplots/pgfplots.paths.code.te
x)
(/usr/local/texlive/2026/texmf-dist/tex/generic/pgf/frontendlayer/tikz/librarie
s/tikzlibrarydecorations.code.tex
(/usr/local/texlive/2026/texmf-dist/tex/generic/pgf/modules/pgfmoduledecoration
s.code.tex))
(/usr/local/texlive/2026/texmf-dist/tex/generic/pgf/frontendlayer/tikz/librarie
s/tikzlibrarydecorations.pathmorphing.code.tex
(/usr/local/texlive/2026/texmf-dist/tex/generic/pgf/libraries/decorations/pgfli
brarydecorations.pathmorphing.code.tex))
(/usr/local/texlive/2026/texmf-dist/tex/generic/pgf/frontendlayer/tikz/librarie
s/tikzlibrarydecorations.pathreplacing.code.tex
(/usr/local/texlive/2026/texmf-dist/tex/generic/pgf/libraries/decorations/pgfli
brarydecorations.pathreplacing.code.tex))
(/usr/local/texlive/2026/texmf-dist/tex/generic/pgfplots/libs/tikzlibrarypgfplo
ts.contourlua.code.tex))
(/usr/local/texlive/2026/texmf-dist/tex/generic/pgf/frontendlayer/tikz/librarie
s/tikzlibraryplotmarks.code.tex
(/usr/local/texlive/2026/texmf-dist/tex/generic/pgf/libraries/pgflibraryplotmar
ks.code.tex)))
(/usr/local/texlive/2026/texmf-dist/tex/latex/pgfplots/pgfplotstable.sty
(/usr/local/texlive/2026/texmf-dist/tex/generic/pgfplots/pgfplots.revision.tex)

(/usr/local/texlive/2026/texmf-dist/tex/generic/pgfplots/numtable/pgfplotstable
.code.tex
(/usr/local/texlive/2026/texmf-dist/tex/generic/pgfplots/numtable/pgfplotstable
.coltype.code.tex)))
(/usr/local/texlive/2026/texmf-dist/tex/latex/fontawesome/fontawesome.sty
(/usr/local/texlive/2026/texmf-dist/tex/generic/iftex/ifxetex.sty)
(/usr/local/texlive/2026/texmf-dist/tex/generic/iftex/ifluatex.sty)
(/usr/local/texlive/2026/texmf-dist/tex/latex/fontawesome/fontawesomesymbols-ge
neric.tex)
(/usr/local/texlive/2026/texmf-dist/tex/latex/fontawesome/fontawesomesymbols-xe
luatex.tex)) (/usr/local/texlive/2026/texmf-dist/tex/latex/psfrag/psfrag.sty)
(/usr/local/texlive/2026/texmf-dist/tex/generic/pgf/frontendlayer/tikz/librarie
s/tikzlibraryintersections.code.tex
(/usr/local/texlive/2026/texmf-dist/tex/generic/pgf/libraries/pgflibraryinterse
ctions.code.tex))
(/usr/local/texlive/2026/texmf-dist/tex/generic/pgf/frontendlayer/tikz/librarie
s/tikzlibrarypatterns.code.tex
(/usr/local/texlive/2026/texmf-dist/tex/generic/pgf/libraries/pgflibrarypattern
s.code.tex))
(/usr/local/texlive/2026/texmf-dist/tex/generic/pgfplots/libs/tikzlibrarypgfplo
ts.fillbetween.code.tex
(/usr/local/texlive/2026/texmf-dist/tex/generic/pgfplots/pgfcontrib/tikzlibrary
fillbetween.code.tex
(/usr/local/texlive/2026/texmf-dist/tex/generic/pgfplots/pgfcontrib/tikzlibrary
decorations.softclip.code.tex
(/usr/local/texlive/2026/texmf-dist/tex/generic/pgfplots/pgfcontrib/pgflibraryf
illbetween.code.tex)))
(/usr/local/texlive/2026/texmf-dist/tex/generic/pgfplots/libs/tikzlibrarypgfplo
ts.decorations.softclip.code.tex))
(/usr/local/texlive/2026/texmf-dist/tex/latex/booktabs/booktabs.sty)
(/usr/local/texlive/2026/texmf-dist/tex/latex/tools/bm.sty)
(/usr/local/texlive/2026/texmf-dist/tex/latex/graphics/rotating.sty
(/usr/local/texlive/2026/texmf-dist/tex/latex/base/ifthen.sty))
(/usr/local/texlive/2026/texmf-dist/tex/latex/hyperref/hyperref.sty
(/usr/local/texlive/2026/texmf-dist/tex/latex/kvsetkeys/kvsetkeys.sty)
(/usr/local/texlive/2026/texmf-dist/tex/generic/kvdefinekeys/kvdefinekeys.sty)
(/usr/local/texlive/2026/texmf-dist/tex/generic/pdfescape/pdfescape.sty)
(/usr/local/texlive/2026/texmf-dist/tex/latex/hycolor/hycolor.sty)
(/usr/local/texlive/2026/texmf-dist/tex/latex/hyperref/nameref.sty
(/usr/local/texlive/2026/texmf-dist/tex/latex/refcount/refcount.sty)
(/usr/local/texlive/2026/texmf-dist/tex/generic/gettitlestring/gettitlestring.s
ty (/usr/local/texlive/2026/texmf-dist/tex/latex/kvoptions/kvoptions.sty)))
(/usr/local/texlive/2026/texmf-dist/tex/generic/stringenc/stringenc.sty)
(/usr/local/texlive/2026/texmf-dist/tex/latex/hyperref/pd1enc.def)
(/usr/local/texlive/2026/texmf-dist/tex/generic/intcalc/intcalc.sty)
(/usr/local/texlive/2026/texmf-dist/tex/latex/hyperref/puenc.def)
(/usr/local/texlive/2026/texmf-dist/tex/latex/url/url.sty)
(/usr/local/texlive/2026/texmf-dist/tex/generic/bitset/bitset.sty
(/usr/local/texlive/2026/texmf-dist/tex/generic/bigintcalc/bigintcalc.sty)))
(/usr/local/texlive/2026/texmf-dist/tex/latex/hyperref/hluatex.def
(/usr/local/texlive/2026/texmf-dist/tex/latex/rerunfilecheck/rerunfilecheck.sty

(/usr/local/texlive/2026/texmf-dist/tex/generic/uniquecounter/uniquecounter.sty
))) (/usr/local/texlive/2026/texmf-dist/tex/latex/todonotes/todonotes.sty
(/usr/local/texlive/2026/texmf-dist/tex/latex/xkeyval/xkeyval.sty
(/usr/local/texlive/2026/texmf-dist/tex/generic/xkeyval/xkeyval.tex
(/usr/local/texlive/2026/texmf-dist/tex/generic/xkeyval/xkvutils.tex)))
(/usr/local/texlive/2026/texmf-dist/tex/generic/pgf/frontendlayer/tikz/librarie
s/tikzlibrarypositioning.code.tex)
(/usr/local/texlive/2026/texmf-dist/tex/latex/tools/calc.sty))
(/usr/local/texlive/2026/texmf-dist/tex/latex/natbib/natbib.sty)
(/usr/local/texlive/2026/texmf-dist/tex/latex/paralist/paralist.sty)
(/usr/local/texlive/2026/texmf-dist/tex/latex/tools/multicol.sty)
(/usr/local/texlive/2026/texmf-dist/tex/latex/tools/longtable.sty)
(/usr/local/texlive/2026/texmf-dist/tex/latex/multirow/multirow.sty)
(/usr/local/texlive/2026/texmf-dist/tex/latex/graphics/lscape.sty)
(/usr/local/texlive/2026/texmf-dist/tex/latex/chngcntr/chngcntr.sty)
(/usr/local/texlive/2026/texmf-dist/tex/latex/footmisc/footmisc.sty)
(/usr/local/texlive/2026/texmf-dist/tex/latex/datetime/datetime.sty
(/usr/local/texlive/2026/texmf-dist/tex/latex/fmtcount/fmtcount.sty
(/usr/local/texlive/2026/texmf-dist/tex/latex/fmtcount/fcprefix.sty
(/usr/local/texlive/2026/texmf-dist/tex/latex/fmtcount/fcnumparser.sty))
(/usr/local/texlive/2026/texmf-dist/tex/latex/fmtcount/fc-english.def))
(/usr/local/texlive/2026/texmf-dist/tex/latex/datetime/datetime-defaults.sty))
(/usr/local/texlive/2026/texmf-dist/tex/latex/threeparttable/threeparttable.sty
) (/usr/local/texlive/2026/texmf-dist/tex/latex/diagbox/diagbox.sty
(/usr/local/texlive/2026/texmf-dist/tex/latex/pict2e/pict2e.sty
(/usr/local/texlive/2026/texmf-dist/tex/latex/pict2e/pict2e.cfg)
(/usr/local/texlive/2026/texmf-dist/tex/latex/pict2e/p2e-luatex.def)))
(/usr/local/texlive/2026/texmf-dist/tex/latex/sectsty/sectsty.sty

LaTeX Warning: Command \underbar  has changed.
               Check if current package is valid.


LaTeX Warning: Command \underline  has changed.
               Check if current package is valid.

)) (./title_metadata.tex) (./main.aux)
(/usr/local/texlive/2026/texmf-dist/tex/context/base/mkii/supp-pdf.mkii
[Loading MPS to PDF converter (version 2006.09.02).]
) (/usr/local/texlive/2026/texmf-dist/tex/latex/epstopdf-pkg/epstopdf-base.sty
(/usr/local/texlive/2026/texmf-dist/tex/latex/latexconfig/epstopdf-sys.cfg))
(/usr/local/texlive/2026/texmf-dist/tex/latex/caption/ltcaption.sty)
(/usr/local/texlive/2026/texmf-dist/tex/latex/translations/translations-basic-d
ictionary-english.trsl)

Package pgfplots Warning: running in backwards compatibility mode (unsuitable t
ick labels; missing features). Consider writing \pgfplotsset{compat=1.18} into 
your preamble.
 on input line 12.

(./main.out) (./main.out)

Package todonotes Warning: The length marginparwidth is less than 2cm and will 
most likely cause issues with the appearance of inserted todonotes. The issue c
an be solved by adding a line like \setlength {\marginparwidth }{2cm} prior to 
loading the todonotes package. on input line 12.

(./frontmatter.tex
Overfull \hbox (8.09319pt too wide) in paragraph at lines 4--5
\TU/KpRoman(1)/m/n/10.95 registration-threshold re-forms, re-leased with its sy
nthetic-data gen-er-a-tor. The thresh-
[1
Non-PDF special ignored!{/usr/local/texlive/2026/texmf-var/fonts/map/pdftex/upd
map/pdftex.map}]) (./body.tex (./Sections/intro.tex

Package natbib Warning: Citation `hoc_vat' on page 2 undefined on input line 3.



Package natbib Warning: Citation `hmrc_threshold' on page 2 undefined on input 
line 3.


Package natbib Warning: Citation `obr2023vat' on page 2 undefined on input line
 31.


Package natbib Warning: Citation `liuetal2021' on page 2 undefined on input lin
e 32.


Package natbib Warning: Citation `liulockwoodtam2024' on page 2 undefined on in
put line 34.

[2<./figures/firms_by_turnover_band_85k.png><./figures/vat_firms_by_turnover_ba
nd_85k.png>]

Package natbib Warning: Citation `liuetal2021' on page 3 undefined on input lin
e 45.


Package natbib Warning: Citation `hmt_spring_budget_2024' on page 3 undefined o
n input line 45.

[3]

Package natbib Warning: Citation `klevenwaseem2013' on page 4 undefined on inpu
t line 49.


Package natbib Warning: Citation `liuetal2021' on page 4 undefined on input lin
e 49.


Overfull \hbox (0.9187pt too wide) in paragraph at lines 49--50
[]\TU/KpRoman(1)/m/n/12 Third, con-di-tional on the as-sumed elas-tic-ity, inte
nsive-margin re-sponses barely move

Package natbib Warning: Citation `liuetal2021' on page 4 undefined on input lin
e 51.

[4]

Package natbib Warning: Citation `chettyetal2011' on page 5 undefined on input 
line 55.


Package natbib Warning: Citation `saez2010' on page 5 undefined on input line 5
5.


Package natbib Warning: Citation `klevenwaseem2013' on page 5 undefined on inpu
t line 55.


Package natbib Warning: Citation `kleven2016' on page 5 undefined on input line
 55.


Package natbib Warning: Citation `best2015' on page 5 undefined on input line 5
5.


Package natbib Warning: Citation `liuetal2021' on page 5 undefined on input lin
e 57.


Package natbib Warning: Citation `liulockwoodtam2024' on page 5 undefined on in
put line 57.


Package natbib Warning: Citation `onji2009' on page 5 undefined on input line 5
7.


Package natbib Warning: Citation `harju2019' on page 5 undefined on input line 
57.


Package natbib Warning: Citation `asatryanpeichl2017' on page 5 undefined on in
put line 57.


Package natbib Warning: Citation `nandiwarwick2020' on page 5 undefined on inpu
t line 57.


Package natbib Warning: Citation `waseem2024' on page 5 undefined on input line
 57.


Package natbib Warning: Citation `liuetal2021' on page 5 undefined on input lin
e 57.


Package natbib Warning: Citation `harju2019' on page 5 undefined on input line 
57.


Package natbib Warning: Citation `onji2009' on page 5 undefined on input line 5
7.


Package natbib Warning: Citation `asatryanpeichl2017' on page 5 undefined on in
put line 57.


Package natbib Warning: Citation `nandiwarwick2020' on page 5 undefined on inpu
t line 57.


Package natbib Warning: Citation `blomquistetal2021' on page 5 undefined on inp
ut line 59.


Package natbib Warning: Citation `bertanhaetal2023' on page 5 undefined on inpu
t line 59.


Package natbib Warning: Citation `garicano2016' on page 5 undefined on input li
ne 59.


Package natbib Warning: Citation `gourioroys2014' on page 5 undefined on input 
line 59.

) (./Sections/background.tex [5]

Package natbib Warning: Citation `liuetal2021' on page 6 undefined on input lin
e 13.


Package natbib Warning: Citation `klevenwaseem2013' on page 6 undefined on inpu
t line 13.


Package natbib Warning: Citation `liuetal2021' on page 6 undefined on input lin
e 24.


Package natbib Warning: Citation `hmrc_threshold' on page 6 undefined on input 
line 35.


Package natbib Warning: Citation `hoc_vat' on page 6 undefined on input line 35
.

[6]

Package natbib Warning: Citation `hmrc_threshold' on page 7 undefined on input 
line 57.


Package natbib Warning: Citation `ots2017vat' on page 7 undefined on input line
 67.


Package natbib Warning: Citation `hmt2018cfe' on page 7 undefined on input line
 70.


Package natbib Warning: Citation `eudirective2020285' on page 7 undefined on in
put line 73.

) (./Sections/data.tex

Package natbib Warning: Citation `policyengine' on page 7 undefined on input li
ne 10.


Overfull \hbox (0.61864pt too wide) in paragraph at lines 4--16
\TU/KpRoman(1)/m/n/12 Study-ing firm re-sponses at the thresh-old needs firm-le
vel turnover near the cut-off, which
[7<./figures/obr_vat_bunching_85k.png>]
Overfull \hbox (0.3166pt too wide) in paragraph at lines 60--64
[]\TU/KpRoman(1)/m/n/12 The base pop-u-la-tion re-pro-duces the ONS struc-ture 
but not the HMRC VAT-registered
[8]

Package natbib Warning: Citation `obr2023vat' on page 9 undefined on input line
 123.


Package natbib Warning: Citation `liuetal2021' on page 9 undefined on input lin
e 123.


Overfull \hbox (14.26959pt too wide) in paragraph at lines 112--134
\TU/KpRoman(1)/m/n/12 statu-tory thresh-old was £85,000. The HMRC band tar-get
s step down across the threshold---
[9]) (./Sections/static.tex [10<./figures/turnover_distribution_85k.png>]

Package natbib Warning: Citation `liuetal2021' on page 11 undefined on input li
ne 17.


Package natbib Warning: Citation `hmt_spring_budget_2024' on page 11 undefined 
on input line 52.


Package natbib Warning: Citation `liuetal2021' on page 11 undefined on input li
ne 65.

[11] [12<./figures/vat_threshold_revenue_impact.png>]
Overfull \hbox (13.10669pt too wide) in paragraph at lines 164--178
\TU/KpRoman(1)/m/n/12 The thresh-old sweep above moves the \TU/KpRoman(1)/m/it/
12 lo-ca-tion \TU/KpRoman(1)/m/n/12 of a sin-gle cut-off. The same static princ
iple---
[13] [14<./figures/revenue_impact_2025_26.png><./figures/firms_impact_2025_26.p
ng>]) (./Sections/bunching.tex

Package natbib Warning: Citation `chettyetal2011' on page 15 undefined on input
 line 5.


Package natbib Warning: Citation `klevenwaseem2013' on page 15 undefined on inp
ut line 5.


Package natbib Warning: Citation `liuetal2021' on page 15 undefined on input li
ne 6.


Package natbib Warning: Citation `liuetal2021' on page 15 undefined on input li
ne 17.

[15]

Package natbib Warning: Citation `liuetal2021' on page 16 undefined on input li
ne 38.


Package natbib Warning: Citation `blomquistetal2021' on page 16 undefined on in
put line 68.


Package natbib Warning: Citation `bertanhaetal2023' on page 16 undefined on inp
ut line 68.


Overfull \hbox (25.36118pt too wide) in paragraph at lines 59--70
\TU/KpRoman(1)/m/n/12 the ap-prox-i-ma-tion hold-ing when $\TU/KpMath-Regular.o
tf(1)/m/n/12 𝑔$ \TU/KpRoman(1)/m/n/12 is lo-cally smooth. The bunch-ing ra-t
io $\TU/KpMath-Regular.otf(1)/m/n/12 𝑏(𝑦[]) = 𝐵(𝑦[])/𝑔(𝑦[]) 
≈
[16]

Package natbib Warning: Citation `liuetal2021' on page 17 undefined on input li
ne 85.

[17<./figures/bunching_analysis_85k.png><./figures/bunching_analysis_90k.png>]

Package natbib Warning: Citation `liuetal2021' on page 18 undefined on input li
ne 165.


Package natbib Warning: Citation `obr2023vat' on page 18 undefined on input lin
e 180.

[18]) (./Sections/model.tex

Package natbib Warning: Citation `liuetal2021' on page 19 undefined on input li
ne 5.


Package natbib Warning: Citation `klevenwaseem2013' on page 19 undefined on inp
ut line 9.


Package natbib Warning: Citation `saez2010' on page 19 undefined on input line 
9.


Package natbib Warning: Citation `kleven2016' on page 19 undefined on input lin
e 10.


Package natbib Warning: Citation `liuetal2021' on page 19 undefined on input li
ne 10.


Package natbib Warning: Citation `liuetal2021' on page 19 undefined on input li
ne 25.


Overfull \hbox (9.26462pt too wide) in paragraph at lines 22--29
\TU/KpRoman(1)/m/n/12 Two pop-u-la-tions are out-side its scope and are treated
 as such through-out: below-threshold
[19]

Package natbib Warning: Citation `klevenwaseem2013' on page 20 undefined on inp
ut line 77.


Overfull \hbox (15.01466pt too wide) in paragraph at lines 76--82
\TU/KpMath-Regular.otf(1)/m/n/12 £85[]000 × 0.20/0.80 = £21[]250$\TU/KpRoman
(1)/m/n/12 , so the dom-i-nated re-gion is $\TU/KpMath-Regular.otf(1)/m/n/12 (
𝑇[],  𝑇[] + 𝑎) = (£85[]000,  £106[]250)$\TU/KpRoman(1)/m/n/12 ,
[20]) (./Sections/behavioural.tex
Overfull \hbox (8.2552pt too wide) in paragraph at lines 139--1
\TU/KpMath-Regular.otf(1)/m/n/12 (𝜏 − 𝑟) 𝑇[] = £5[]250$\TU/KpRoman(
1)/m/n/12 . The firm counts con-firm this (\TU/KpMono(0)/m/n/12 results/dominat
ed_region_mass.txt\TU/KpRoman(1)/m/n/12 ):
[21] [22<./figures/dynamic_notch_fit_e017.png>]

Package natbib Warning: Citation `klevenwaseem2013' on page 23 undefined on inp
ut line 23.


Package natbib Warning: Citation `saez2010' on page 23 undefined on input line 
24.


Package natbib Warning: Citation `liuetal2021' on page 23 undefined on input li
ne 25.

[23]
Overfull \hbox (0.45064pt too wide) in paragraph at lines 76--83
\TU/KpRoman(1)/m/n/12 firm’s op-ti-mal turnover un-der a coun-ter-fac-tual sc
hed-ule, \TU/KpRoman(1)/m/it/12 given \TU/KpRoman(1)/m/n/12 that its ob-served 
turnover

Overfull \hbox (2.70668pt too wide) in paragraph at lines 87--96
\TU/KpRoman(1)/m/n/12 The in-ten-sive re-sponse de-pends only on $\TU/KpMath-Re
gular.otf(1)/m/n/12 𝑒$\TU/KpRoman(1)/m/n/12 , the statu-tory rate, and the s
ched-ule fractions---
[24<./figures/formulation_a_optima.png>]
Overfull \hbox (19.06874pt too wide) in paragraph at lines 97--117
[]\TU/KpRoman(1)/b/n/12 Region-confined scope.[] \TU/KpRoman(1)/m/n/12 The mar-
gin priced here is purely \TU/KpRoman(1)/m/it/12 in-ten-sive\TU/KpRoman(1)/m/n/
12 : each firm re-optimises

Package natbib Warning: Citation `klevenwaseem2013' on page 25 undefined on inp
ut line 122.


Package natbib Warning: Citation `liuetal2021' on page 25 undefined on input li
ne 125.


Overfull \hbox (1.25473pt too wide) in paragraph at lines 118--129
[]\TU/KpRoman(1)/b/n/12 Con-di-tional on $\TU/KpMath-Regular.otf(1)/m/n/12 
𝑒$\TU/KpRoman(1)/b/n/12 .[] \TU/KpRoman(1)/m/n/12 The elas-tic-ity $\TU/KpMa
th-Regular.otf(1)/m/n/12 𝑒$ \TU/KpRoman(1)/m/n/12 is not iden-ti-fied from t
hese data, so ev-ery be-havioural

Overfull \hbox (34.0586pt too wide) in paragraph at lines 154--166
 [][] 
[25]) (./Sections/conclusion.tex [26] [27<./figures/dynamic_cost_vs_elasticity.
png>]

Package natbib Warning: Citation `garicano2016' on page 28 undefined on input l
ine 8.


Package natbib Warning: Citation `gourioroys2014' on page 28 undefined on input
 line 9.


Overfull \hbox (20.66867pt too wide) in paragraph at lines 4--13
\TU/KpRoman(1)/m/n/12 the UK VAT reg-is-tra-tion thresh-old, re-leased in full-
--including its synthetic-data generator---

Overfull \hbox (68.06161pt too wide) in paragraph at lines 23--35
 [][] 

Overfull \hbox (5.21452pt too wide) in paragraph at lines 37--48
\TU/KpRoman(1)/m/n/12 2025--26 and the voluntary-retention con-ven-tion $\TU/Kp
Math-Regular.otf(1)/m/n/12 −$\TU/KpRoman(1)/m/n/12 £141m, against the pub-li
shed $\TU/KpMath-Regular.otf(1)/m/n/12 −$\TU/KpRoman(1)/m/n/12 £185m,

Package natbib Warning: Citation `klevenwaseem2013' on page 28 undefined on inp
ut line 50.

[28]

Package natbib Warning: Citation `liuetal2021' on page 29 undefined on input li
ne 77.


Package natbib Warning: Citation `keenmintz2004' on page 29 undefined on input 
line 104.


Package natbib Warning: Citation `benedek2015' on page 29 undefined on input li
ne 114.


Package natbib Warning: Citation `belloncopestake2022' on page 29 undefined on 
input line 114.

) [29] [30] (./main.bbl
Underfull \hbox (badness 10000) in paragraph at lines 96--99
[]\TU/KpRoman(1)/m/n/10.95 HM Rev-enue and Cus-toms (2024) ``In-creas-ing the V
AT Reg-is-tra-tion Thresh-old,''

Underfull \hbox (badness 10000) in paragraph at lines 96--99
\TU/KpRoman(1)/m/n/10.95 Tax in-for-ma-tion and im-pact note, GOV.UK, [][]$\TU/
KpMono(0)/m/n/10.95 https://www.gov.uk/government/

Underfull \hbox (badness 10000) in paragraph at lines 96--99
\TU/KpMono(0)/m/n/10.95 publications/vat-[]increasing-[]the-[]registration-[]an
d-[]deregistration-[]thresholds/
[31]
Underfull \hbox (badness 10000) in paragraph at lines 101--104
[]\TU/KpRoman(1)/m/n/10.95 HM Trea-sury (2018) ``VAT Reg-is-tra-tion Thresh-old
: Call for Ev-i-dence,'' HM

Underfull \hbox (badness 10000) in paragraph at lines 101--104
\TU/KpRoman(1)/m/n/10.95 Trea-sury, March 2018, [][]$\TU/KpMono(0)/m/n/10.95 ht
tps://www.gov.uk/government/consultations/

Underfull \hbox (badness 7869) in paragraph at lines 106--109
[] [] \TU/KpRoman(1)/m/n/10.95 (2024) ``Spring Bud-get 2024: Pol-icy Cost-ings,
'' HM Trea-sury, March 2024,

Underfull \hbox (badness 10000) in paragraph at lines 106--109
[][]$\TU/KpMono(0)/m/n/10.95 https://assets.publishing.service.gov.uk/media/65e
7920c08eef600155a5617/

Underfull \hbox (badness 4886) in paragraph at lines 133--137
[]\TU/KpRoman(1)/m/n/10.95 Liu, Li, Ben Lock-wood, and Eddy H. F. Tam (2024) ``
Small Firm Growth and the

Underfull \hbox (badness 2865) in paragraph at lines 133--137
\TU/KpRoman(1)/m/n/10.95 VAT Thresh-old: Ev-i-dence for the UK,'' IMF Work-ing 
Pa-perWP/24/33, In-ter-na-tional

Underfull \hbox (badness 10000) in paragraph at lines 133--137
\TU/KpRoman(1)/m/n/10.95 Mon-e-tary Fund, [][]$\TU/KpMono(0)/m/n/10.95 https://
www.imf.org/en/publications/wp/issues/2024/02/16/

Underfull \hbox (badness 1490) in paragraph at lines 139--143
\TU/KpRoman(1)/m/n/10.95 West Ben-gal, In-dia,'' TaxDev / In-sti-tute for Fis-c
al Stud-ies, [][]$\TU/KpMono(0)/m/n/10.95 https://www.taxdev.org/

Underfull \hbox (badness 10000) in paragraph at lines 146--149
[]\TU/KpRoman(1)/m/n/10.95 Of-fice for Bud-get Re-spon-si-bil-ity (2023) ``The 
Im-pact of the Frozen VAT Reg-is-tra-

Underfull \hbox (badness 4886) in paragraph at lines 146--149
\TU/KpRoman(1)/m/n/10.95 tion Thresh-old,'' Eco-nomic and Fis-cal Out-look, Mar
ch 2023, [][]$\TU/KpMono(0)/m/n/10.95 https://obr.uk/box/

Underfull \hbox (badness 10000) in paragraph at lines 152--155
[]\TU/KpRoman(1)/m/n/10.95 Of-fice of Tax Sim-pli-fi-ca-tion (2017) ``Value Add
ed Tax: Routes to Sim-pli-fi-ca-tion,''

Underfull \hbox (badness 10000) in paragraph at lines 152--155
\TU/KpRoman(1)/m/n/10.95 OTS re-port, Novem-ber 2017, [][]$\TU/KpMono(0)/m/n/10
.95 https://assets.publishing.service.gov.uk/media/
[32]) [33] (./Appendix/appendix.tex (./Appendix/a_data.tex
Overfull \hbox (11.12668pt too wide) in paragraph at lines 32--61
\TU/KpRoman(1)/m/n/12 tion check rather than a silent re-place-ment. The snap-s
hot used here is Pol-i-cyEngine/ledger

Overfull \hbox (30.38661pt too wide) in paragraph at lines 32--61
\TU/KpRoman(1)/m/n/12 and max-i-mum nu-meric dif-fer-ence zero. (The ``2024--25
 vin-tage'' here de-notes the HMRC/ONS

Overfull \hbox (3.00157pt too wide) in paragraph at lines 32--61
\TU/KpRoman(1)/m/n/12 tion cal-i-brates to.) A 1,000-iteration Pop-u-lace run f
rom those tar-gets gen-er-ated 2,946,015

Overfull \hbox (58.07478pt too wide) in paragraph at lines 32--61
\TU/KpMono(0)/m/n/12 firm-microsim-populace-ledger \TU/KpRoman(1)/m/n/12 and ch
ecked into \TU/KpMono(0)/m/n/12 results/populace_ledger_comparison.txt
[34]) (./Appendix/a_inference.tex

Package natbib Warning: Citation `liuetal2021' on page 35 undefined on input li
ne 14.


Package natbib Warning: Citation `blomquistetal2021' on page 35 undefined on in
put line 18.


Package natbib Warning: Citation `bertanhaetal2023' on page 35 undefined on inp
ut line 18.


Overfull \hbox (8.25868pt too wide) in paragraph at lines 4--25
\TU/KpMono(0)/m/n/12 results/recovery_bunching.txt\TU/KpRoman(1)/m/n/12 . The e
s-ti-ma-tor re-ports the ge-om-e-try only---the bunch-

Overfull \hbox (16.15141pt too wide) in paragraph at lines 4--25
\TU/KpRoman(1)/m/n/12 ing ra-tio $\TU/KpMath-Regular.otf(1)/m/n/12 𝑏$\TU/KpR
oman(1)/m/n/12 , its \TU/KpRoman(1)/b/n/12 ?\TU/KpRoman(1)/m/n/12 -normalised c
oun-ter-part $\TU/KpMath-Regular.otf(1)/m/n/12 𝑏[]$\TU/KpRoman(1)/m/n/12 , t
he ex-cess mass $\TU/KpMath-Regular.otf(1)/m/n/12 𝐸$\TU/KpRoman(1)/m/n/12 , 
and the mass-conservation

Package natbib Warning: Citation `chettyetal2011' on page 35 undefined on input
 line 28.


Package natbib Warning: Citation `klevenwaseem2013' on page 35 undefined on inp
ut line 29.

[35] [36]
Underfull \hbox (badness 1845) in paragraph at lines 156--156
[][]\TU/KpRoman(1)/b/n/12 Ta-ble A.3[][]: []|\TU/KpRoman(1)/m/n/12 Power (re-co
v-ery) test on the step-free pop-u-la-tion: Kleven--Waseem-
[37])))

Package natbib Warning: There were undefined citations.

[38] (./main.aux

Package natbib Warning: Citation(s) may have changed.
(natbib)                Rerun to get citations correct.

)

LaTeX Warning: Label(s) may have changed. Rerun to get cross-references right.

)
(see the transcript file for additional information)
 1248 words of node memory still in use:
   6 hlist, 2 vlist, 2 rule, 16 glue, 4 kern, 1 glyph, 151 attribute, 77 glue_s
pec, 76 attribute_list, 2 write, 18 pdf_action nodes
   avail lists: 1:1,2:883,3:445,4:110,5:778,6:28,7:10161,8:146,9:368,10:28,11:7
35

warning  (pdf backend): unreferenced destination with name 'table.caption.45'

warning  (pdf backend): unreferenced destination with name 'table.caption.43'

warning  (pdf backend): unreferenced destination with name 'table.caption.40'

warning  (pdf backend): unreferenced destination with name 'Hfootnote.2'

warning  (pdf backend): unreferenced destination with name 'Hfootnote.1'
</usr/local/texlive/2026/texmf-dist/fonts/opentype/public/kpfonts-otf/KpMono-Re
gular.otf></usr/local/texlive/2026/texmf-dist/fonts/opentype/public/kpfonts-otf
/KpMath-Regular.otf></usr/local/texlive/2026/texmf-dist/fonts/opentype/public/k
pfonts-otf/KpMath-Regular.otf></usr/local/texlive/2026/texmf-dist/fonts/opentyp
e/public/kpfonts-otf/KpMath-Regular.otf></usr/local/texlive/2026/texmf-dist/fon
ts/opentype/public/kpfonts-otf/KpMath-Regular.otf></usr/local/texlive/2026/texm
f-dist/fonts/opentype/public/kpfonts-otf/KpRoman-Italic.otf></usr/local/texlive
/2026/texmf-dist/fonts/opentype/public/kpfonts-otf/KpRoman-Bold.otf></usr/local
/texlive/2026/texmf-dist/fonts/opentype/public/kpfonts-otf/KpRoman-Regular.otf>

Output written on main.pdf (38 pages, 2132531 bytes).
Transcript written on main.log.
Latexmk: Getting log file 'main.log'
Latexmk: Examining 'main.fls'
Latexmk: Examining 'main.log'
Latexmk: Found input bbl file 'main.bbl'
Latexmk: References changed.
Latexmk: References changed.
Latexmk: References changed.
Latexmk: Log file says output to 'main.pdf'
Latexmk: Using bibtex to make bibliography file(s).
  ===Source file 'main.bbl' for 'lualatex'
Latexmk: Found bibliography file(s):
  ./references.bib
Latexmk: applying rule 'bibtex main'...
Rule 'bibtex main':  Reasons for rerun
Changed files or newly in use/created:
  main.aux

------------
Run number 2 of rule 'bibtex main'
------------
------------
Running 'bibtex  "main.aux"'
------------
This is BibTeX, Version 0.99e (TeX Live 2026)
The top-level auxiliary file: main.aux
The style file: econ.bst
Database file #1: references.bib
Latexmk: applying rule 'lualatex'...
Rule 'lualatex':  Reasons for rerun
Changed files or newly in use/created:
  main.aux

------------
Run number 3 of rule 'lualatex'
------------
------------
Running 'lualatex  -interaction=nonstopmode -halt-on-error -recorder  "main.tex"'
------------
This is LuaHBTeX, Version 1.24.0 (TeX Live 2026) 
 restricted system commands enabled.
(./main.tex
LaTeX2e <2025-11-01>
L3 programming layer <2026-01-19>
 (/usr/local/texlive/2026/texmf-dist/tex/latex/base/article.cls
Document Class: article 2025/01/22 v1.4n Standard LaTeX document class
(/usr/local/texlive/2026/texmf-dist/tex/latex/base/size12.clo))
(./YGTemplate.sty
(/usr/local/texlive/2026/texmf-dist/tex/latex/fontspec/fontspec.sty
(/usr/local/texlive/2026/texmf-dist/tex/latex/l3packages/xparse/xparse.sty
(/usr/local/texlive/2026/texmf-dist/tex/latex/l3kernel/expl3.sty
(/usr/local/texlive/2026/texmf-dist/tex/latex/l3backend/l3backend-luatex.def)))
 (/usr/local/texlive/2026/texmf-dist/tex/latex/fontspec/fontspec-luatex.sty
(/usr/local/texlive/2026/texmf-dist/tex/latex/base/fontenc.sty)
(/usr/local/texlive/2026/texmf-dist/tex/latex/fontspec/fontspec.cfg)))
(/usr/local/texlive/2026/texmf-dist/tex/generic/babel/babel.sty
(/usr/local/texlive/2026/texmf-dist/tex/generic/babel/luababel.def)
(/usr/local/texlive/2026/texmf-dist/tex/generic/babel/luababel.def)
(/usr/local/texlive/2026/texmf-dist/tex/generic/babel/locale/en/babel-english.t
ex) (/usr/local/texlive/2026/texmf-dist/tex/generic/babel-english/english.ldf))
 (/usr/local/texlive/2026/texmf-dist/tex/latex/base/fontenc.sty
(/usr/local/texlive/2026/texmf-dist/tex/latex/lm/t1lmr.fd))
(/usr/local/texlive/2026/texmf-dist/tex/latex/a4wide/a4wide.sty
(/usr/local/texlive/2026/texmf-dist/tex/latex/ntgclass/a4.sty))
(/usr/local/texlive/2026/texmf-dist/tex/latex/xcolor/xcolor.sty
(/usr/local/texlive/2026/texmf-dist/tex/latex/graphics-cfg/color.cfg)

Package xcolor Warning: Package option `usenames' is obsolete and ignored on in
put line 265.

(/usr/local/texlive/2026/texmf-dist/tex/latex/graphics-def/luatex.def)
(/usr/local/texlive/2026/texmf-dist/tex/latex/graphics/mathcolor.ltx))
(/usr/local/texlive/2026/texmf-dist/tex/latex/graphics/dvipsnam.def)
(/usr/local/texlive/2026/texmf-dist/tex/latex/graphics/graphicx.sty
(/usr/local/texlive/2026/texmf-dist/tex/latex/graphics/keyval.sty)
(/usr/local/texlive/2026/texmf-dist/tex/latex/graphics/graphics.sty
(/usr/local/texlive/2026/texmf-dist/tex/latex/graphics/trig.sty)
(/usr/local/texlive/2026/texmf-dist/tex/latex/graphics-cfg/graphics.cfg)))
(/usr/local/texlive/2026/texmf-dist/tex/latex/tools/tabularx.sty
(/usr/local/texlive/2026/texmf-dist/tex/latex/tools/array.sty))
(/usr/local/texlive/2026/texmf-dist/tex/latex/subfigure/subfigure.sty
****************************************
* Local config file subfigure.cfg used *
****************************************
(/usr/local/texlive/2026/texmf-dist/tex/latex/subfigure/subfigure.cfg))
(/usr/local/texlive/2026/texmf-dist/tex/latex/float/float.sty)
(/usr/local/texlive/2026/texmf-dist/tex/latex/caption/caption.sty
(/usr/local/texlive/2026/texmf-dist/tex/latex/caption/caption3.sty))
(/usr/local/texlive/2026/texmf-dist/tex/latex/caption/subcaption.sty)
(/usr/local/texlive/2026/texmf-dist/tex/latex/fnpct/fnpct.sty
(/usr/local/texlive/2026/texmf-dist/tex/latex/l3packages/l3keys2e/l3keys2e.sty)
(/usr/local/texlive/2026/texmf-dist/tex/latex/translations/translations.sty
(/usr/local/texlive/2026/texmf-dist/tex/latex/etoolbox/etoolbox.sty)
(/usr/local/texlive/2026/texmf-dist/tex/generic/pdftexcmds/pdftexcmds.sty
(/usr/local/texlive/2026/texmf-dist/tex/generic/infwarerr/infwarerr.sty)
(/usr/local/texlive/2026/texmf-dist/tex/generic/iftex/iftex.sty)
(/usr/local/texlive/2026/texmf-dist/tex/generic/ltxcmds/ltxcmds.sty))))
(/usr/local/texlive/2026/texmf-dist/tex/latex/kpfonts/kpfonts.sty
(/usr/local/texlive/2026/texmf-dist/tex/latex/kpfonts-otf/kpfonts-otf.sty
(/usr/local/texlive/2026/texmf-dist/tex/latex/realscripts/realscripts.sty)
(/usr/local/texlive/2026/texmf-dist/tex/latex/kpfonts-otf/KpRoman.fontspec)
(/usr/local/texlive/2026/texmf-dist/tex/latex/kpfonts-otf/KpLight.fontspec)
(/usr/local/texlive/2026/texmf-dist/tex/latex/kpfonts-otf/KpSans.fontspec)
(/usr/local/texlive/2026/texmf-dist/tex/latex/kpfonts-otf/KpMono.fontspec)
(/usr/local/texlive/2026/texmf-dist/tex/latex/unicode-math/unicode-math.sty
(/usr/local/texlive/2026/texmf-dist/tex/latex/unicode-math/unicode-math-luatex.
sty (/usr/local/texlive/2026/texmf-dist/tex/latex/base/fix-cm.sty
(/usr/local/texlive/2026/texmf-dist/tex/latex/base/ts1enc.def))
(/usr/local/texlive/2026/texmf-dist/tex/latex/amsmath/amsmath.sty
For additional information on amsmath, use the `?' option.
(/usr/local/texlive/2026/texmf-dist/tex/latex/amsmath/amstext.sty
(/usr/local/texlive/2026/texmf-dist/tex/latex/amsmath/amsgen.sty))
(/usr/local/texlive/2026/texmf-dist/tex/latex/amsmath/amsbsy.sty)
(/usr/local/texlive/2026/texmf-dist/tex/latex/amsmath/amsopn.sty))
(/usr/local/texlive/2026/texmf-dist/tex/lualatex/lualatex-math/lualatex-math.st
y)
(/usr/local/texlive/2026/texmf-dist/tex/latex/unicode-math/unicode-math-table.t
ex)))
(/usr/local/texlive/2026/texmf-dist/tex/latex/kpfonts-otf/KpMath-Regular.fontsp
ec))) (/usr/local/texlive/2026/texmf-dist/tex/latex/pgf/frontendlayer/tikz.sty
(/usr/local/texlive/2026/texmf-dist/tex/latex/pgf/basiclayer/pgf.sty
(/usr/local/texlive/2026/texmf-dist/tex/latex/pgf/utilities/pgfrcs.sty
(/usr/local/texlive/2026/texmf-dist/tex/generic/pgf/utilities/pgfutil-common.te
x)
(/usr/local/texlive/2026/texmf-dist/tex/generic/pgf/utilities/pgfutil-latex.def
) (/usr/local/texlive/2026/texmf-dist/tex/generic/pgf/utilities/pgfrcs.code.tex
(/usr/local/texlive/2026/texmf-dist/tex/generic/pgf/pgf.revision.tex)))
(/usr/local/texlive/2026/texmf-dist/tex/latex/pgf/basiclayer/pgfcore.sty
(/usr/local/texlive/2026/texmf-dist/tex/latex/pgf/systemlayer/pgfsys.sty
(/usr/local/texlive/2026/texmf-dist/tex/generic/pgf/systemlayer/pgfsys.code.tex
(/usr/local/texlive/2026/texmf-dist/tex/generic/pgf/utilities/pgfkeys.code.tex
(/usr/local/texlive/2026/texmf-dist/tex/generic/pgf/utilities/pgfkeyslibraryfil
tered.code.tex))
(/usr/local/texlive/2026/texmf-dist/tex/generic/pgf/systemlayer/pgf.cfg)
(/usr/local/texlive/2026/texmf-dist/tex/generic/pgf/systemlayer/pgfsys-luatex.d
ef
(/usr/local/texlive/2026/texmf-dist/tex/generic/pgf/systemlayer/pgfsys-common-p
df.def)))
(/usr/local/texlive/2026/texmf-dist/tex/generic/pgf/systemlayer/pgfsyssoftpath.
code.tex)
(/usr/local/texlive/2026/texmf-dist/tex/generic/pgf/systemlayer/pgfsysprotocol.
code.tex))
(/usr/local/texlive/2026/texmf-dist/tex/generic/pgf/basiclayer/pgfcore.code.tex
(/usr/local/texlive/2026/texmf-dist/tex/generic/pgf/math/pgfmath.code.tex
(/usr/local/texlive/2026/texmf-dist/tex/generic/pgf/math/pgfmathutil.code.tex)
(/usr/local/texlive/2026/texmf-dist/tex/generic/pgf/math/pgfmathparser.code.tex
)
(/usr/local/texlive/2026/texmf-dist/tex/generic/pgf/math/pgfmathfunctions.code.
tex)
(/usr/local/texlive/2026/texmf-dist/tex/generic/pgf/math/pgfmathfunctions.basic
.code.tex)
(/usr/local/texlive/2026/texmf-dist/tex/generic/pgf/math/pgfmathfunctions.trigo
nometric.code.tex)
(/usr/local/texlive/2026/texmf-dist/tex/generic/pgf/math/pgfmathfunctions.rando
m.code.tex)
(/usr/local/texlive/2026/texmf-dist/tex/generic/pgf/math/pgfmathfunctions.compa
rison.code.tex)
(/usr/local/texlive/2026/texmf-dist/tex/generic/pgf/math/pgfmathfunctions.base.
code.tex)
(/usr/local/texlive/2026/texmf-dist/tex/generic/pgf/math/pgfmathfunctions.round
.code.tex)
(/usr/local/texlive/2026/texmf-dist/tex/generic/pgf/math/pgfmathfunctions.misc.
code.tex)
(/usr/local/texlive/2026/texmf-dist/tex/generic/pgf/math/pgfmathfunctions.integ
erarithmetics.code.tex)
(/usr/local/texlive/2026/texmf-dist/tex/generic/pgf/math/pgfmathcalc.code.tex)
(/usr/local/texlive/2026/texmf-dist/tex/generic/pgf/math/pgfmathfloat.code.tex)
) (/usr/local/texlive/2026/texmf-dist/tex/generic/pgf/math/pgfint.code.tex)
(/usr/local/texlive/2026/texmf-dist/tex/generic/pgf/basiclayer/pgfcorepoints.co
de.tex)
(/usr/local/texlive/2026/texmf-dist/tex/generic/pgf/basiclayer/pgfcorepathconst
ruct.code.tex)
(/usr/local/texlive/2026/texmf-dist/tex/generic/pgf/basiclayer/pgfcorepathusage
.code.tex)
(/usr/local/texlive/2026/texmf-dist/tex/generic/pgf/basiclayer/pgfcorescopes.co
de.tex)
(/usr/local/texlive/2026/texmf-dist/tex/generic/pgf/basiclayer/pgfcoregraphicst
ate.code.tex)
(/usr/local/texlive/2026/texmf-dist/tex/generic/pgf/basiclayer/pgfcoretransform
ations.code.tex)
(/usr/local/texlive/2026/texmf-dist/tex/generic/pgf/basiclayer/pgfcorequick.cod
e.tex)
(/usr/local/texlive/2026/texmf-dist/tex/generic/pgf/basiclayer/pgfcoreobjects.c
ode.tex)
(/usr/local/texlive/2026/texmf-dist/tex/generic/pgf/basiclayer/pgfcorepathproce
ssing.code.tex)
(/usr/local/texlive/2026/texmf-dist/tex/generic/pgf/basiclayer/pgfcorearrows.co
de.tex)
(/usr/local/texlive/2026/texmf-dist/tex/generic/pgf/basiclayer/pgfcoreshade.cod
e.tex)
(/usr/local/texlive/2026/texmf-dist/tex/generic/pgf/basiclayer/pgfcoreimage.cod
e.tex)
(/usr/local/texlive/2026/texmf-dist/tex/generic/pgf/basiclayer/pgfcoreexternal.
code.tex)
(/usr/local/texlive/2026/texmf-dist/tex/generic/pgf/basiclayer/pgfcorelayers.co
de.tex)
(/usr/local/texlive/2026/texmf-dist/tex/generic/pgf/basiclayer/pgfcoretranspare
ncy.code.tex)
(/usr/local/texlive/2026/texmf-dist/tex/generic/pgf/basiclayer/pgfcorepatterns.
code.tex)
(/usr/local/texlive/2026/texmf-dist/tex/generic/pgf/basiclayer/pgfcorerdf.code.
tex)))
(/usr/local/texlive/2026/texmf-dist/tex/generic/pgf/modules/pgfmoduleshapes.cod
e.tex)
(/usr/local/texlive/2026/texmf-dist/tex/generic/pgf/modules/pgfmoduleplot.code.
tex)
(/usr/local/texlive/2026/texmf-dist/tex/latex/pgf/compatibility/pgfcomp-version
-0-65.sty)
(/usr/local/texlive/2026/texmf-dist/tex/latex/pgf/compatibility/pgfcomp-version
-1-18.sty))
(/usr/local/texlive/2026/texmf-dist/tex/latex/pgf/utilities/pgffor.sty
(/usr/local/texlive/2026/texmf-dist/tex/latex/pgf/utilities/pgfkeys.sty
(/usr/local/texlive/2026/texmf-dist/tex/generic/pgf/utilities/pgfkeys.code.tex)
) (/usr/local/texlive/2026/texmf-dist/tex/latex/pgf/math/pgfmath.sty
(/usr/local/texlive/2026/texmf-dist/tex/generic/pgf/math/pgfmath.code.tex))
(/usr/local/texlive/2026/texmf-dist/tex/generic/pgf/utilities/pgffor.code.tex))

(/usr/local/texlive/2026/texmf-dist/tex/generic/pgf/frontendlayer/tikz/tikz.cod
e.tex
(/usr/local/texlive/2026/texmf-dist/tex/generic/pgf/libraries/pgflibraryplothan
dlers.code.tex)
(/usr/local/texlive/2026/texmf-dist/tex/generic/pgf/modules/pgfmodulematrix.cod
e.tex)
(/usr/local/texlive/2026/texmf-dist/tex/generic/pgf/frontendlayer/tikz/librarie
s/tikzlibrarytopaths.code.tex)))
(/usr/local/texlive/2026/texmf-dist/tex/latex/pgfplots/pgfplots.sty
(/usr/local/texlive/2026/texmf-dist/tex/generic/pgfplots/pgfplots.revision.tex)
(/usr/local/texlive/2026/texmf-dist/tex/generic/pgfplots/pgfplots.code.tex
(/usr/local/texlive/2026/texmf-dist/tex/generic/pgfplots/pgfplotscore.code.tex
(/usr/local/texlive/2026/texmf-dist/tex/generic/pgfplots/sys/pgfplotssysgeneric
.code.tex))
(/usr/local/texlive/2026/texmf-dist/tex/generic/pgfplots/libs/pgfplotslibrary.c
ode.tex)
(/usr/local/texlive/2026/texmf-dist/tex/generic/pgfplots/oldpgfcompatib/pgfplot
soldpgfsupp_loader.code.tex
(/usr/local/texlive/2026/texmf-dist/tex/generic/pgf/libraries/pgflibraryfpu.cod
e.tex)
(/usr/local/texlive/2026/texmf-dist/tex/generic/pgfplots/oldpgfcompatib/pgfplot
soldpgfsupp_pgfutil-common-lists.tex)
(/usr/local/texlive/2026/texmf-dist/tex/generic/pgf/libraries/luamath/pgflibrar
yluamath.code.tex))
(/usr/local/texlive/2026/texmf-dist/tex/generic/pgfplots/util/pgfplotsutil.code
.tex
(/usr/local/texlive/2026/texmf-dist/tex/generic/pgfplots/liststructure/pgfplots
liststructure.code.tex)
(/usr/local/texlive/2026/texmf-dist/tex/generic/pgfplots/liststructure/pgfplots
liststructureext.code.tex)
(/usr/local/texlive/2026/texmf-dist/tex/generic/pgfplots/liststructure/pgfplots
array.code.tex)
(/usr/local/texlive/2026/texmf-dist/tex/generic/pgfplots/liststructure/pgfplots
matrix.code.tex)
(/usr/local/texlive/2026/texmf-dist/tex/generic/pgfplots/numtable/pgfplotstable
shared.code.tex)
(/usr/local/texlive/2026/texmf-dist/tex/generic/pgfplots/liststructure/pgfplots
deque.code.tex)
(/usr/local/texlive/2026/texmf-dist/tex/generic/pgfplots/util/pgfplotsbinary.co
de.tex
(/usr/local/texlive/2026/texmf-dist/tex/generic/pgfplots/util/pgfplotsbinary.da
ta.code.tex))
(/usr/local/texlive/2026/texmf-dist/tex/generic/pgfplots/util/pgfplotsutil.verb
.code.tex)
(/usr/local/texlive/2026/texmf-dist/tex/generic/pgfplots/libs/pgflibrarypgfplot
s.surfshading.code.tex
(/usr/local/texlive/2026/texmf-dist/tex/generic/pgfplots/sys/pgflibrarypgfplots
.surfshading.pgfsys-luatex.def)))
(/usr/local/texlive/2026/texmf-dist/tex/generic/pgfplots/util/pgfplotscolormap.
code.tex
(/usr/local/texlive/2026/texmf-dist/tex/generic/pgfplots/util/pgfplotscolor.cod
e.tex))
(/usr/local/texlive/2026/texmf-dist/tex/generic/pgfplots/pgfplotsstackedplots.c
ode.tex)
(/usr/local/texlive/2026/texmf-dist/tex/generic/pgfplots/pgfplotsplothandlers.c
ode.tex
(/usr/local/texlive/2026/texmf-dist/tex/generic/pgfplots/pgfplotsmeshplothandle
r.code.tex
(/usr/local/texlive/2026/texmf-dist/tex/generic/pgfplots/pgfplotsmeshplotimage.
code.tex)))
(/usr/local/texlive/2026/texmf-dist/tex/generic/pgfplots/pgfplots.scaling.code.
tex)
(/usr/local/texlive/2026/texmf-dist/tex/generic/pgfplots/pgfplotscoordprocessin
g.code.tex)
(/usr/local/texlive/2026/texmf-dist/tex/generic/pgfplots/pgfplots.errorbars.cod
e.tex)
(/usr/local/texlive/2026/texmf-dist/tex/generic/pgfplots/pgfplots.markers.code.
tex)
(/usr/local/texlive/2026/texmf-dist/tex/generic/pgfplots/pgfplotsticks.code.tex
)
(/usr/local/texlive/2026/texmf-dist/tex/generic/pgfplots/pgfplots.paths.code.te
x)
(/usr/local/texlive/2026/texmf-dist/tex/generic/pgf/frontendlayer/tikz/librarie
s/tikzlibrarydecorations.code.tex
(/usr/local/texlive/2026/texmf-dist/tex/generic/pgf/modules/pgfmoduledecoration
s.code.tex))
(/usr/local/texlive/2026/texmf-dist/tex/generic/pgf/frontendlayer/tikz/librarie
s/tikzlibrarydecorations.pathmorphing.code.tex
(/usr/local/texlive/2026/texmf-dist/tex/generic/pgf/libraries/decorations/pgfli
brarydecorations.pathmorphing.code.tex))
(/usr/local/texlive/2026/texmf-dist/tex/generic/pgf/frontendlayer/tikz/librarie
s/tikzlibrarydecorations.pathreplacing.code.tex
(/usr/local/texlive/2026/texmf-dist/tex/generic/pgf/libraries/decorations/pgfli
brarydecorations.pathreplacing.code.tex))
(/usr/local/texlive/2026/texmf-dist/tex/generic/pgfplots/libs/tikzlibrarypgfplo
ts.contourlua.code.tex))
(/usr/local/texlive/2026/texmf-dist/tex/generic/pgf/frontendlayer/tikz/librarie
s/tikzlibraryplotmarks.code.tex
(/usr/local/texlive/2026/texmf-dist/tex/generic/pgf/libraries/pgflibraryplotmar
ks.code.tex)))
(/usr/local/texlive/2026/texmf-dist/tex/latex/pgfplots/pgfplotstable.sty
(/usr/local/texlive/2026/texmf-dist/tex/generic/pgfplots/pgfplots.revision.tex)

(/usr/local/texlive/2026/texmf-dist/tex/generic/pgfplots/numtable/pgfplotstable
.code.tex
(/usr/local/texlive/2026/texmf-dist/tex/generic/pgfplots/numtable/pgfplotstable
.coltype.code.tex)))
(/usr/local/texlive/2026/texmf-dist/tex/latex/fontawesome/fontawesome.sty
(/usr/local/texlive/2026/texmf-dist/tex/generic/iftex/ifxetex.sty)
(/usr/local/texlive/2026/texmf-dist/tex/generic/iftex/ifluatex.sty)
(/usr/local/texlive/2026/texmf-dist/tex/latex/fontawesome/fontawesomesymbols-ge
neric.tex)
(/usr/local/texlive/2026/texmf-dist/tex/latex/fontawesome/fontawesomesymbols-xe
luatex.tex)) (/usr/local/texlive/2026/texmf-dist/tex/latex/psfrag/psfrag.sty)
(/usr/local/texlive/2026/texmf-dist/tex/generic/pgf/frontendlayer/tikz/librarie
s/tikzlibraryintersections.code.tex
(/usr/local/texlive/2026/texmf-dist/tex/generic/pgf/libraries/pgflibraryinterse
ctions.code.tex))
(/usr/local/texlive/2026/texmf-dist/tex/generic/pgf/frontendlayer/tikz/librarie
s/tikzlibrarypatterns.code.tex
(/usr/local/texlive/2026/texmf-dist/tex/generic/pgf/libraries/pgflibrarypattern
s.code.tex))
(/usr/local/texlive/2026/texmf-dist/tex/generic/pgfplots/libs/tikzlibrarypgfplo
ts.fillbetween.code.tex
(/usr/local/texlive/2026/texmf-dist/tex/generic/pgfplots/pgfcontrib/tikzlibrary
fillbetween.code.tex
(/usr/local/texlive/2026/texmf-dist/tex/generic/pgfplots/pgfcontrib/tikzlibrary
decorations.softclip.code.tex
(/usr/local/texlive/2026/texmf-dist/tex/generic/pgfplots/pgfcontrib/pgflibraryf
illbetween.code.tex)))
(/usr/local/texlive/2026/texmf-dist/tex/generic/pgfplots/libs/tikzlibrarypgfplo
ts.decorations.softclip.code.tex))
(/usr/local/texlive/2026/texmf-dist/tex/latex/booktabs/booktabs.sty)
(/usr/local/texlive/2026/texmf-dist/tex/latex/tools/bm.sty)
(/usr/local/texlive/2026/texmf-dist/tex/latex/graphics/rotating.sty
(/usr/local/texlive/2026/texmf-dist/tex/latex/base/ifthen.sty))
(/usr/local/texlive/2026/texmf-dist/tex/latex/hyperref/hyperref.sty
(/usr/local/texlive/2026/texmf-dist/tex/latex/kvsetkeys/kvsetkeys.sty)
(/usr/local/texlive/2026/texmf-dist/tex/generic/kvdefinekeys/kvdefinekeys.sty)
(/usr/local/texlive/2026/texmf-dist/tex/generic/pdfescape/pdfescape.sty)
(/usr/local/texlive/2026/texmf-dist/tex/latex/hycolor/hycolor.sty)
(/usr/local/texlive/2026/texmf-dist/tex/latex/hyperref/nameref.sty
(/usr/local/texlive/2026/texmf-dist/tex/latex/refcount/refcount.sty)
(/usr/local/texlive/2026/texmf-dist/tex/generic/gettitlestring/gettitlestring.s
ty (/usr/local/texlive/2026/texmf-dist/tex/latex/kvoptions/kvoptions.sty)))
(/usr/local/texlive/2026/texmf-dist/tex/generic/stringenc/stringenc.sty)
(/usr/local/texlive/2026/texmf-dist/tex/latex/hyperref/pd1enc.def)
(/usr/local/texlive/2026/texmf-dist/tex/generic/intcalc/intcalc.sty)
(/usr/local/texlive/2026/texmf-dist/tex/latex/hyperref/puenc.def)
(/usr/local/texlive/2026/texmf-dist/tex/latex/url/url.sty)
(/usr/local/texlive/2026/texmf-dist/tex/generic/bitset/bitset.sty
(/usr/local/texlive/2026/texmf-dist/tex/generic/bigintcalc/bigintcalc.sty)))
(/usr/local/texlive/2026/texmf-dist/tex/latex/hyperref/hluatex.def
(/usr/local/texlive/2026/texmf-dist/tex/latex/rerunfilecheck/rerunfilecheck.sty

(/usr/local/texlive/2026/texmf-dist/tex/generic/uniquecounter/uniquecounter.sty
))) (/usr/local/texlive/2026/texmf-dist/tex/latex/todonotes/todonotes.sty
(/usr/local/texlive/2026/texmf-dist/tex/latex/xkeyval/xkeyval.sty
(/usr/local/texlive/2026/texmf-dist/tex/generic/xkeyval/xkeyval.tex
(/usr/local/texlive/2026/texmf-dist/tex/generic/xkeyval/xkvutils.tex)))
(/usr/local/texlive/2026/texmf-dist/tex/generic/pgf/frontendlayer/tikz/librarie
s/tikzlibrarypositioning.code.tex)
(/usr/local/texlive/2026/texmf-dist/tex/latex/tools/calc.sty))
(/usr/local/texlive/2026/texmf-dist/tex/latex/natbib/natbib.sty)
(/usr/local/texlive/2026/texmf-dist/tex/latex/paralist/paralist.sty)
(/usr/local/texlive/2026/texmf-dist/tex/latex/tools/multicol.sty)
(/usr/local/texlive/2026/texmf-dist/tex/latex/tools/longtable.sty)
(/usr/local/texlive/2026/texmf-dist/tex/latex/multirow/multirow.sty)
(/usr/local/texlive/2026/texmf-dist/tex/latex/graphics/lscape.sty)
(/usr/local/texlive/2026/texmf-dist/tex/latex/chngcntr/chngcntr.sty)
(/usr/local/texlive/2026/texmf-dist/tex/latex/footmisc/footmisc.sty)
(/usr/local/texlive/2026/texmf-dist/tex/latex/datetime/datetime.sty
(/usr/local/texlive/2026/texmf-dist/tex/latex/fmtcount/fmtcount.sty
(/usr/local/texlive/2026/texmf-dist/tex/latex/fmtcount/fcprefix.sty
(/usr/local/texlive/2026/texmf-dist/tex/latex/fmtcount/fcnumparser.sty))
(/usr/local/texlive/2026/texmf-dist/tex/latex/fmtcount/fc-english.def))
(/usr/local/texlive/2026/texmf-dist/tex/latex/datetime/datetime-defaults.sty))
(/usr/local/texlive/2026/texmf-dist/tex/latex/threeparttable/threeparttable.sty
) (/usr/local/texlive/2026/texmf-dist/tex/latex/diagbox/diagbox.sty
(/usr/local/texlive/2026/texmf-dist/tex/latex/pict2e/pict2e.sty
(/usr/local/texlive/2026/texmf-dist/tex/latex/pict2e/pict2e.cfg)
(/usr/local/texlive/2026/texmf-dist/tex/latex/pict2e/p2e-luatex.def)))
(/usr/local/texlive/2026/texmf-dist/tex/latex/sectsty/sectsty.sty

LaTeX Warning: Command \underbar  has changed.
               Check if current package is valid.


LaTeX Warning: Command \underline  has changed.
               Check if current package is valid.

)) (./title_metadata.tex) (./main.aux)
(/usr/local/texlive/2026/texmf-dist/tex/context/base/mkii/supp-pdf.mkii
[Loading MPS to PDF converter (version 2006.09.02).]
) (/usr/local/texlive/2026/texmf-dist/tex/latex/epstopdf-pkg/epstopdf-base.sty
(/usr/local/texlive/2026/texmf-dist/tex/latex/latexconfig/epstopdf-sys.cfg))
(/usr/local/texlive/2026/texmf-dist/tex/latex/caption/ltcaption.sty)
(/usr/local/texlive/2026/texmf-dist/tex/latex/translations/translations-basic-d
ictionary-english.trsl)

Package pgfplots Warning: running in backwards compatibility mode (unsuitable t
ick labels; missing features). Consider writing \pgfplotsset{compat=1.18} into 
your preamble.
 on input line 12.

(./main.out) (./main.out)

Package todonotes Warning: The length marginparwidth is less than 2cm and will 
most likely cause issues with the appearance of inserted todonotes. The issue c
an be solved by adding a line like \setlength {\marginparwidth }{2cm} prior to 
loading the todonotes package. on input line 12.

(./frontmatter.tex
Overfull \hbox (8.09319pt too wide) in paragraph at lines 4--5
\TU/KpRoman(1)/m/n/10.95 registration-threshold re-forms, re-leased with its sy
nthetic-data gen-er-a-tor. The thresh-
[1
Non-PDF special ignored!{/usr/local/texlive/2026/texmf-var/fonts/map/pdftex/upd
map/pdftex.map}]) (./body.tex (./Sections/intro.tex [2<./figures/firms_by_turno
ver_band_85k.png><./figures/vat_firms_by_turnover_band_85k.png>] [3]
Overfull \hbox (0.9187pt too wide) in paragraph at lines 49--50
[]\TU/KpRoman(1)/m/n/12 Third, con-di-tional on the as-sumed elas-tic-ity, inte
nsive-margin re-sponses barely move
[4] [5]) (./Sections/background.tex [6]) (./Sections/data.tex [7<./figures/obr_
vat_bunching_85k.png>]
Overfull \hbox (0.61864pt too wide) in paragraph at lines 4--16
\TU/KpRoman(1)/m/n/12 Study-ing firm re-sponses at the thresh-old needs firm-le
vel turnover near the cut-off, which
[8]
Overfull \hbox (0.3166pt too wide) in paragraph at lines 60--64
[]\TU/KpRoman(1)/m/n/12 The base pop-u-la-tion re-pro-duces the ONS struc-ture 
but not the HMRC VAT-registered
[9]
Overfull \hbox (14.26959pt too wide) in paragraph at lines 112--134
\TU/KpRoman(1)/m/n/12 statu-tory thresh-old was £85,000. The HMRC band tar-get
s step down across the threshold---
) (./Sections/static.tex [10] [11<./figures/turnover_distribution_85k.png>]
[12] [13<./figures/vat_threshold_revenue_impact.png>] [14<./figures/revenue_imp
act_2025_26.png><./figures/firms_impact_2025_26.png>]
Overfull \hbox (13.10669pt too wide) in paragraph at lines 164--178
\TU/KpRoman(1)/m/n/12 The thresh-old sweep above moves the \TU/KpRoman(1)/m/it/
12 lo-ca-tion \TU/KpRoman(1)/m/n/12 of a sin-gle cut-off. The same static princ
iple---
) (./Sections/bunching.tex [15]
Overfull \hbox (6.67659pt too wide) in paragraph at lines 4--18
\TU/KpRoman(1)/m/n/12 ([][]2011[][]) and [][]Kleven and Waseem[][] ([][]2013[][
])---as ap-plied to UK VAT data by [][]Liu et al.[][] ([][]2021[][])---to
[16]
Overfull \hbox (25.36118pt too wide) in paragraph at lines 59--70
\TU/KpRoman(1)/m/n/12 the ap-prox-i-ma-tion hold-ing when $\TU/KpMath-Regular.o
tf(1)/m/n/12 𝑔$ \TU/KpRoman(1)/m/n/12 is lo-cally smooth. The bunch-ing ra-t
io $\TU/KpMath-Regular.otf(1)/m/n/12 𝑏(𝑦[]) = 𝐵(𝑦[])/𝑔(𝑦[]) 
≈
[17] [18<./figures/bunching_analysis_85k.png><./figures/bunching_analysis_90k.p
ng>]) (./Sections/model.tex [19]
Overfull \hbox (9.26462pt too wide) in paragraph at lines 22--29
\TU/KpRoman(1)/m/n/12 Two pop-u-la-tions are out-side its scope and are treated
 as such through-out: below-threshold
[20] [21] [22<./figures/dynamic_notch_fit_e017.png>])
(./Sections/behavioural.tex
Overfull \hbox (8.2552pt too wide) in paragraph at lines 139--1
\TU/KpMath-Regular.otf(1)/m/n/12 (𝜏 − 𝑟) 𝑇[] = £5[]250$\TU/KpRoman(
1)/m/n/12 . The firm counts con-firm this (\TU/KpMono(0)/m/n/12 results/dominat
ed_region_mass.txt\TU/KpRoman(1)/m/n/12 ):
[23]
Overfull \hbox (0.45064pt too wide) in paragraph at lines 76--83
\TU/KpRoman(1)/m/n/12 firm’s op-ti-mal turnover un-der a coun-ter-fac-tual sc
hed-ule, \TU/KpRoman(1)/m/it/12 given \TU/KpRoman(1)/m/n/12 that its ob-served 
turnover

Overfull \hbox (2.70668pt too wide) in paragraph at lines 87--96
\TU/KpRoman(1)/m/n/12 The in-ten-sive re-sponse de-pends only on $\TU/KpMath-Re
gular.otf(1)/m/n/12 𝑒$\TU/KpRoman(1)/m/n/12 , the statu-tory rate, and the s
ched-ule fractions---

Overfull \hbox (19.06874pt too wide) in paragraph at lines 97--117
[]\TU/KpRoman(1)/b/n/12 Region-confined scope.[] \TU/KpRoman(1)/m/n/12 The mar-
gin priced here is purely \TU/KpRoman(1)/m/it/12 in-ten-sive\TU/KpRoman(1)/m/n/
12 : each firm re-optimises
[24]
Overfull \hbox (1.25473pt too wide) in paragraph at lines 118--129
[]\TU/KpRoman(1)/b/n/12 Con-di-tional on $\TU/KpMath-Regular.otf(1)/m/n/12 
𝑒$\TU/KpRoman(1)/b/n/12 .[] \TU/KpRoman(1)/m/n/12 The elas-tic-ity $\TU/KpMa
th-Regular.otf(1)/m/n/12 𝑒$ \TU/KpRoman(1)/m/n/12 is not iden-ti-fied from t
hese data, so ev-ery be-havioural
[25<./figures/formulation_a_optima.png>]
Overfull \hbox (34.0586pt too wide) in paragraph at lines 154--166
 [][] 
[26]) (./Sections/conclusion.tex [27<./figures/dynamic_cost_vs_elasticity.png>]

Overfull \hbox (20.66867pt too wide) in paragraph at lines 4--13
\TU/KpRoman(1)/m/n/12 the UK VAT reg-is-tra-tion thresh-old, re-leased in full-
--including its synthetic-data generator---

Overfull \hbox (68.06161pt too wide) in paragraph at lines 23--35
 [][] 

Overfull \hbox (5.21452pt too wide) in paragraph at lines 37--48
\TU/KpRoman(1)/m/n/12 2025--26 and the voluntary-retention con-ven-tion $\TU/Kp
Math-Regular.otf(1)/m/n/12 −$\TU/KpRoman(1)/m/n/12 £141m, against the pub-li
shed $\TU/KpMath-Regular.otf(1)/m/n/12 −$\TU/KpRoman(1)/m/n/12 £185m,
[28]) [29] [30] (./main.bbl
Underfull \hbox (badness 10000) in paragraph at lines 96--99
[]\TU/KpRoman(1)/m/n/10.95 HM Rev-enue and Cus-toms (2024) ``In-creas-ing the V
AT Reg-is-tra-tion Thresh-old,''

Underfull \hbox (badness 10000) in paragraph at lines 96--99
\TU/KpRoman(1)/m/n/10.95 Tax in-for-ma-tion and im-pact note, GOV.UK, [][]$\TU/
KpMono(0)/m/n/10.95 https://www.gov.uk/government/

Underfull \hbox (badness 10000) in paragraph at lines 96--99
\TU/KpMono(0)/m/n/10.95 publications/vat-[]increasing-[]the-[]registration-[]an
d-[]deregistration-[]thresholds/
[31]
Underfull \hbox (badness 10000) in paragraph at lines 101--104
[]\TU/KpRoman(1)/m/n/10.95 HM Trea-sury (2018) ``VAT Reg-is-tra-tion Thresh-old
: Call for Ev-i-dence,'' HM

Underfull \hbox (badness 10000) in paragraph at lines 101--104
\TU/KpRoman(1)/m/n/10.95 Trea-sury, March 2018, [][]$\TU/KpMono(0)/m/n/10.95 ht
tps://www.gov.uk/government/consultations/

Underfull \hbox (badness 7869) in paragraph at lines 106--109
[] [] \TU/KpRoman(1)/m/n/10.95 (2024) ``Spring Bud-get 2024: Pol-icy Cost-ings,
'' HM Trea-sury, March 2024,

Underfull \hbox (badness 10000) in paragraph at lines 106--109
[][]$\TU/KpMono(0)/m/n/10.95 https://assets.publishing.service.gov.uk/media/65e
7920c08eef600155a5617/

Underfull \hbox (badness 4886) in paragraph at lines 133--137
[]\TU/KpRoman(1)/m/n/10.95 Liu, Li, Ben Lock-wood, and Eddy H. F. Tam (2024) ``
Small Firm Growth and the

Underfull \hbox (badness 2865) in paragraph at lines 133--137
\TU/KpRoman(1)/m/n/10.95 VAT Thresh-old: Ev-i-dence for the UK,'' IMF Work-ing 
Pa-perWP/24/33, In-ter-na-tional

Underfull \hbox (badness 10000) in paragraph at lines 133--137
\TU/KpRoman(1)/m/n/10.95 Mon-e-tary Fund, [][]$\TU/KpMono(0)/m/n/10.95 https://
www.imf.org/en/publications/wp/issues/2024/02/16/

Underfull \hbox (badness 1490) in paragraph at lines 139--143
\TU/KpRoman(1)/m/n/10.95 West Ben-gal, In-dia,'' TaxDev / In-sti-tute for Fis-c
al Stud-ies, [][]$\TU/KpMono(0)/m/n/10.95 https://www.taxdev.org/

Underfull \hbox (badness 10000) in paragraph at lines 146--149
[]\TU/KpRoman(1)/m/n/10.95 Of-fice for Bud-get Re-spon-si-bil-ity (2023) ``The 
Im-pact of the Frozen VAT Reg-is-tra-

Underfull \hbox (badness 4886) in paragraph at lines 146--149
\TU/KpRoman(1)/m/n/10.95 tion Thresh-old,'' Eco-nomic and Fis-cal Out-look, Mar
ch 2023, [][]$\TU/KpMono(0)/m/n/10.95 https://obr.uk/box/

Underfull \hbox (badness 10000) in paragraph at lines 152--155
[]\TU/KpRoman(1)/m/n/10.95 Of-fice of Tax Sim-pli-fi-ca-tion (2017) ``Value Add
ed Tax: Routes to Sim-pli-fi-ca-tion,''

Underfull \hbox (badness 10000) in paragraph at lines 152--155
\TU/KpRoman(1)/m/n/10.95 OTS re-port, Novem-ber 2017, [][]$\TU/KpMono(0)/m/n/10
.95 https://assets.publishing.service.gov.uk/media/
[32]) [33] (./Appendix/appendix.tex (./Appendix/a_data.tex
Overfull \hbox (11.12668pt too wide) in paragraph at lines 32--61
\TU/KpRoman(1)/m/n/12 tion check rather than a silent re-place-ment. The snap-s
hot used here is Pol-i-cyEngine/ledger

Overfull \hbox (30.38661pt too wide) in paragraph at lines 32--61
\TU/KpRoman(1)/m/n/12 and max-i-mum nu-meric dif-fer-ence zero. (The ``2024--25
 vin-tage'' here de-notes the HMRC/ONS

Overfull \hbox (3.00157pt too wide) in paragraph at lines 32--61
\TU/KpRoman(1)/m/n/12 tion cal-i-brates to.) A 1,000-iteration Pop-u-lace run f
rom those tar-gets gen-er-ated 2,946,015

Overfull \hbox (58.07478pt too wide) in paragraph at lines 32--61
\TU/KpMono(0)/m/n/12 firm-microsim-populace-ledger \TU/KpRoman(1)/m/n/12 and ch
ecked into \TU/KpMono(0)/m/n/12 results/populace_ledger_comparison.txt
[34]) (./Appendix/a_inference.tex
Overfull \hbox (8.25868pt too wide) in paragraph at lines 4--25
\TU/KpMono(0)/m/n/12 results/recovery_bunching.txt\TU/KpRoman(1)/m/n/12 . The e
s-ti-ma-tor re-ports the ge-om-e-try only---the bunch-

Overfull \hbox (11.25064pt too wide) in paragraph at lines 4--25
\TU/KpRoman(1)/m/n/12 cess mass to an elas-tic-ity is not iden-ti-fied with-out
 functional-form as-sump-tions ([][]Blomquist
[35] [36] [37]
Underfull \hbox (badness 1845) in paragraph at lines 156--156
[][]\TU/KpRoman(1)/b/n/12 Ta-ble A.3[][]: []|\TU/KpRoman(1)/m/n/12 Power (re-co
v-ery) test on the step-free pop-u-la-tion: Kleven--Waseem-
))) [38] (./main.aux)

LaTeX Warning: Label(s) may have changed. Rerun to get cross-references right.

)
(see the transcript file for additional information)
 1406 words of node memory still in use:
   6 hlist, 2 vlist, 2 rule, 18 glue, 4 kern, 1 glyph, 177 attribute, 77 glue_s
pec, 89 attribute_list, 2 write, 29 pdf_action nodes
   avail lists: 1:1,2:966,3:445,4:197,5:776,6:27,7:10405,8:146,9:439,10:28,11:7
27

warning  (pdf backend): unreferenced destination with name 'Hfootnote.2'

warning  (pdf backend): unreferenced destination with name 'Hfootnote.1'
</usr/local/texlive/2026/texmf-dist/fonts/opentype/public/kpfonts-otf/KpMono-Re
gular.otf></usr/local/texlive/2026/texmf-dist/fonts/opentype/public/kpfonts-otf
/KpMath-Regular.otf></usr/local/texlive/2026/texmf-dist/fonts/opentype/public/k
pfonts-otf/KpMath-Regular.otf></usr/local/texlive/2026/texmf-dist/fonts/opentyp
e/public/kpfonts-otf/KpMath-Regular.otf></usr/local/texlive/2026/texmf-dist/fon
ts/opentype/public/kpfonts-otf/KpMath-Regular.otf></usr/local/texlive/2026/texm
f-dist/fonts/opentype/public/kpfonts-otf/KpRoman-Italic.otf></usr/local/texlive
/2026/texmf-dist/fonts/opentype/public/kpfonts-otf/KpRoman-Bold.otf></usr/local
/texlive/2026/texmf-dist/fonts/opentype/public/kpfonts-otf/KpRoman-Regular.otf>

Output written on main.pdf (38 pages, 2141230 bytes).
Transcript written on main.log.
Latexmk: Getting log file 'main.log'
Latexmk: Examining 'main.fls'
Latexmk: Examining 'main.log'
Latexmk: Found input bbl file 'main.bbl'
Latexmk: References changed.
Latexmk: References changed.
Latexmk: Log file says output to 'main.pdf'
Latexmk: Using bibtex to make bibliography file(s).
  ===Source file 'main.bbl' for 'lualatex'
Latexmk: Found bibliography file(s):
  ./references.bib
Latexmk: applying rule 'bibtex main'...
Rule 'bibtex main':  Reasons for rerun
Changed files or newly in use/created:
  main.aux

------------
Run number 3 of rule 'bibtex main'
------------
------------
Running 'bibtex  "main.aux"'
------------
This is BibTeX, Version 0.99e (TeX Live 2026)
The top-level auxiliary file: main.aux
The style file: econ.bst
Database file #1: references.bib
Latexmk: applying rule 'lualatex'...
Rule 'lualatex':  Reasons for rerun
Changed files or newly in use/created:
  main.aux

------------
Run number 4 of rule 'lualatex'
------------
------------
Running 'lualatex  -interaction=nonstopmode -halt-on-error -recorder  "main.tex"'
------------
This is LuaHBTeX, Version 1.24.0 (TeX Live 2026) 
 restricted system commands enabled.
(./main.tex
LaTeX2e <2025-11-01>
L3 programming layer <2026-01-19>
 (/usr/local/texlive/2026/texmf-dist/tex/latex/base/article.cls
Document Class: article 2025/01/22 v1.4n Standard LaTeX document class
(/usr/local/texlive/2026/texmf-dist/tex/latex/base/size12.clo))
(./YGTemplate.sty
(/usr/local/texlive/2026/texmf-dist/tex/latex/fontspec/fontspec.sty
(/usr/local/texlive/2026/texmf-dist/tex/latex/l3packages/xparse/xparse.sty
(/usr/local/texlive/2026/texmf-dist/tex/latex/l3kernel/expl3.sty
(/usr/local/texlive/2026/texmf-dist/tex/latex/l3backend/l3backend-luatex.def)))
 (/usr/local/texlive/2026/texmf-dist/tex/latex/fontspec/fontspec-luatex.sty
(/usr/local/texlive/2026/texmf-dist/tex/latex/base/fontenc.sty)
(/usr/local/texlive/2026/texmf-dist/tex/latex/fontspec/fontspec.cfg)))
(/usr/local/texlive/2026/texmf-dist/tex/generic/babel/babel.sty
(/usr/local/texlive/2026/texmf-dist/tex/generic/babel/luababel.def)
(/usr/local/texlive/2026/texmf-dist/tex/generic/babel/luababel.def)
(/usr/local/texlive/2026/texmf-dist/tex/generic/babel/locale/en/babel-english.t
ex) (/usr/local/texlive/2026/texmf-dist/tex/generic/babel-english/english.ldf))
 (/usr/local/texlive/2026/texmf-dist/tex/latex/base/fontenc.sty
(/usr/local/texlive/2026/texmf-dist/tex/latex/lm/t1lmr.fd))
(/usr/local/texlive/2026/texmf-dist/tex/latex/a4wide/a4wide.sty
(/usr/local/texlive/2026/texmf-dist/tex/latex/ntgclass/a4.sty))
(/usr/local/texlive/2026/texmf-dist/tex/latex/xcolor/xcolor.sty
(/usr/local/texlive/2026/texmf-dist/tex/latex/graphics-cfg/color.cfg)

Package xcolor Warning: Package option `usenames' is obsolete and ignored on in
put line 265.

(/usr/local/texlive/2026/texmf-dist/tex/latex/graphics-def/luatex.def)
(/usr/local/texlive/2026/texmf-dist/tex/latex/graphics/mathcolor.ltx))
(/usr/local/texlive/2026/texmf-dist/tex/latex/graphics/dvipsnam.def)
(/usr/local/texlive/2026/texmf-dist/tex/latex/graphics/graphicx.sty
(/usr/local/texlive/2026/texmf-dist/tex/latex/graphics/keyval.sty)
(/usr/local/texlive/2026/texmf-dist/tex/latex/graphics/graphics.sty
(/usr/local/texlive/2026/texmf-dist/tex/latex/graphics/trig.sty)
(/usr/local/texlive/2026/texmf-dist/tex/latex/graphics-cfg/graphics.cfg)))
(/usr/local/texlive/2026/texmf-dist/tex/latex/tools/tabularx.sty
(/usr/local/texlive/2026/texmf-dist/tex/latex/tools/array.sty))
(/usr/local/texlive/2026/texmf-dist/tex/latex/subfigure/subfigure.sty
****************************************
* Local config file subfigure.cfg used *
****************************************
(/usr/local/texlive/2026/texmf-dist/tex/latex/subfigure/subfigure.cfg))
(/usr/local/texlive/2026/texmf-dist/tex/latex/float/float.sty)
(/usr/local/texlive/2026/texmf-dist/tex/latex/caption/caption.sty
(/usr/local/texlive/2026/texmf-dist/tex/latex/caption/caption3.sty))
(/usr/local/texlive/2026/texmf-dist/tex/latex/caption/subcaption.sty)
(/usr/local/texlive/2026/texmf-dist/tex/latex/fnpct/fnpct.sty
(/usr/local/texlive/2026/texmf-dist/tex/latex/l3packages/l3keys2e/l3keys2e.sty)
(/usr/local/texlive/2026/texmf-dist/tex/latex/translations/translations.sty
(/usr/local/texlive/2026/texmf-dist/tex/latex/etoolbox/etoolbox.sty)
(/usr/local/texlive/2026/texmf-dist/tex/generic/pdftexcmds/pdftexcmds.sty
(/usr/local/texlive/2026/texmf-dist/tex/generic/infwarerr/infwarerr.sty)
(/usr/local/texlive/2026/texmf-dist/tex/generic/iftex/iftex.sty)
(/usr/local/texlive/2026/texmf-dist/tex/generic/ltxcmds/ltxcmds.sty))))
(/usr/local/texlive/2026/texmf-dist/tex/latex/kpfonts/kpfonts.sty
(/usr/local/texlive/2026/texmf-dist/tex/latex/kpfonts-otf/kpfonts-otf.sty
(/usr/local/texlive/2026/texmf-dist/tex/latex/realscripts/realscripts.sty)
(/usr/local/texlive/2026/texmf-dist/tex/latex/kpfonts-otf/KpRoman.fontspec)
(/usr/local/texlive/2026/texmf-dist/tex/latex/kpfonts-otf/KpLight.fontspec)
(/usr/local/texlive/2026/texmf-dist/tex/latex/kpfonts-otf/KpSans.fontspec)
(/usr/local/texlive/2026/texmf-dist/tex/latex/kpfonts-otf/KpMono.fontspec)
(/usr/local/texlive/2026/texmf-dist/tex/latex/unicode-math/unicode-math.sty
(/usr/local/texlive/2026/texmf-dist/tex/latex/unicode-math/unicode-math-luatex.
sty (/usr/local/texlive/2026/texmf-dist/tex/latex/base/fix-cm.sty
(/usr/local/texlive/2026/texmf-dist/tex/latex/base/ts1enc.def))
(/usr/local/texlive/2026/texmf-dist/tex/latex/amsmath/amsmath.sty
For additional information on amsmath, use the `?' option.
(/usr/local/texlive/2026/texmf-dist/tex/latex/amsmath/amstext.sty
(/usr/local/texlive/2026/texmf-dist/tex/latex/amsmath/amsgen.sty))
(/usr/local/texlive/2026/texmf-dist/tex/latex/amsmath/amsbsy.sty)
(/usr/local/texlive/2026/texmf-dist/tex/latex/amsmath/amsopn.sty))
(/usr/local/texlive/2026/texmf-dist/tex/lualatex/lualatex-math/lualatex-math.st
y)
(/usr/local/texlive/2026/texmf-dist/tex/latex/unicode-math/unicode-math-table.t
ex)))
(/usr/local/texlive/2026/texmf-dist/tex/latex/kpfonts-otf/KpMath-Regular.fontsp
ec))) (/usr/local/texlive/2026/texmf-dist/tex/latex/pgf/frontendlayer/tikz.sty
(/usr/local/texlive/2026/texmf-dist/tex/latex/pgf/basiclayer/pgf.sty
(/usr/local/texlive/2026/texmf-dist/tex/latex/pgf/utilities/pgfrcs.sty
(/usr/local/texlive/2026/texmf-dist/tex/generic/pgf/utilities/pgfutil-common.te
x)
(/usr/local/texlive/2026/texmf-dist/tex/generic/pgf/utilities/pgfutil-latex.def
) (/usr/local/texlive/2026/texmf-dist/tex/generic/pgf/utilities/pgfrcs.code.tex
(/usr/local/texlive/2026/texmf-dist/tex/generic/pgf/pgf.revision.tex)))
(/usr/local/texlive/2026/texmf-dist/tex/latex/pgf/basiclayer/pgfcore.sty
(/usr/local/texlive/2026/texmf-dist/tex/latex/pgf/systemlayer/pgfsys.sty
(/usr/local/texlive/2026/texmf-dist/tex/generic/pgf/systemlayer/pgfsys.code.tex
(/usr/local/texlive/2026/texmf-dist/tex/generic/pgf/utilities/pgfkeys.code.tex
(/usr/local/texlive/2026/texmf-dist/tex/generic/pgf/utilities/pgfkeyslibraryfil
tered.code.tex))
(/usr/local/texlive/2026/texmf-dist/tex/generic/pgf/systemlayer/pgf.cfg)
(/usr/local/texlive/2026/texmf-dist/tex/generic/pgf/systemlayer/pgfsys-luatex.d
ef
(/usr/local/texlive/2026/texmf-dist/tex/generic/pgf/systemlayer/pgfsys-common-p
df.def)))
(/usr/local/texlive/2026/texmf-dist/tex/generic/pgf/systemlayer/pgfsyssoftpath.
code.tex)
(/usr/local/texlive/2026/texmf-dist/tex/generic/pgf/systemlayer/pgfsysprotocol.
code.tex))
(/usr/local/texlive/2026/texmf-dist/tex/generic/pgf/basiclayer/pgfcore.code.tex
(/usr/local/texlive/2026/texmf-dist/tex/generic/pgf/math/pgfmath.code.tex
(/usr/local/texlive/2026/texmf-dist/tex/generic/pgf/math/pgfmathutil.code.tex)
(/usr/local/texlive/2026/texmf-dist/tex/generic/pgf/math/pgfmathparser.code.tex
)
(/usr/local/texlive/2026/texmf-dist/tex/generic/pgf/math/pgfmathfunctions.code.
tex)
(/usr/local/texlive/2026/texmf-dist/tex/generic/pgf/math/pgfmathfunctions.basic
.code.tex)
(/usr/local/texlive/2026/texmf-dist/tex/generic/pgf/math/pgfmathfunctions.trigo
nometric.code.tex)
(/usr/local/texlive/2026/texmf-dist/tex/generic/pgf/math/pgfmathfunctions.rando
m.code.tex)
(/usr/local/texlive/2026/texmf-dist/tex/generic/pgf/math/pgfmathfunctions.compa
rison.code.tex)
(/usr/local/texlive/2026/texmf-dist/tex/generic/pgf/math/pgfmathfunctions.base.
code.tex)
(/usr/local/texlive/2026/texmf-dist/tex/generic/pgf/math/pgfmathfunctions.round
.code.tex)
(/usr/local/texlive/2026/texmf-dist/tex/generic/pgf/math/pgfmathfunctions.misc.
code.tex)
(/usr/local/texlive/2026/texmf-dist/tex/generic/pgf/math/pgfmathfunctions.integ
erarithmetics.code.tex)
(/usr/local/texlive/2026/texmf-dist/tex/generic/pgf/math/pgfmathcalc.code.tex)
(/usr/local/texlive/2026/texmf-dist/tex/generic/pgf/math/pgfmathfloat.code.tex)
) (/usr/local/texlive/2026/texmf-dist/tex/generic/pgf/math/pgfint.code.tex)
(/usr/local/texlive/2026/texmf-dist/tex/generic/pgf/basiclayer/pgfcorepoints.co
de.tex)
(/usr/local/texlive/2026/texmf-dist/tex/generic/pgf/basiclayer/pgfcorepathconst
ruct.code.tex)
(/usr/local/texlive/2026/texmf-dist/tex/generic/pgf/basiclayer/pgfcorepathusage
.code.tex)
(/usr/local/texlive/2026/texmf-dist/tex/generic/pgf/basiclayer/pgfcorescopes.co
de.tex)
(/usr/local/texlive/2026/texmf-dist/tex/generic/pgf/basiclayer/pgfcoregraphicst
ate.code.tex)
(/usr/local/texlive/2026/texmf-dist/tex/generic/pgf/basiclayer/pgfcoretransform
ations.code.tex)
(/usr/local/texlive/2026/texmf-dist/tex/generic/pgf/basiclayer/pgfcorequick.cod
e.tex)
(/usr/local/texlive/2026/texmf-dist/tex/generic/pgf/basiclayer/pgfcoreobjects.c
ode.tex)
(/usr/local/texlive/2026/texmf-dist/tex/generic/pgf/basiclayer/pgfcorepathproce
ssing.code.tex)
(/usr/local/texlive/2026/texmf-dist/tex/generic/pgf/basiclayer/pgfcorearrows.co
de.tex)
(/usr/local/texlive/2026/texmf-dist/tex/generic/pgf/basiclayer/pgfcoreshade.cod
e.tex)
(/usr/local/texlive/2026/texmf-dist/tex/generic/pgf/basiclayer/pgfcoreimage.cod
e.tex)
(/usr/local/texlive/2026/texmf-dist/tex/generic/pgf/basiclayer/pgfcoreexternal.
code.tex)
(/usr/local/texlive/2026/texmf-dist/tex/generic/pgf/basiclayer/pgfcorelayers.co
de.tex)
(/usr/local/texlive/2026/texmf-dist/tex/generic/pgf/basiclayer/pgfcoretranspare
ncy.code.tex)
(/usr/local/texlive/2026/texmf-dist/tex/generic/pgf/basiclayer/pgfcorepatterns.
code.tex)
(/usr/local/texlive/2026/texmf-dist/tex/generic/pgf/basiclayer/pgfcorerdf.code.
tex)))
(/usr/local/texlive/2026/texmf-dist/tex/generic/pgf/modules/pgfmoduleshapes.cod
e.tex)
(/usr/local/texlive/2026/texmf-dist/tex/generic/pgf/modules/pgfmoduleplot.code.
tex)
(/usr/local/texlive/2026/texmf-dist/tex/latex/pgf/compatibility/pgfcomp-version
-0-65.sty)
(/usr/local/texlive/2026/texmf-dist/tex/latex/pgf/compatibility/pgfcomp-version
-1-18.sty))
(/usr/local/texlive/2026/texmf-dist/tex/latex/pgf/utilities/pgffor.sty
(/usr/local/texlive/2026/texmf-dist/tex/latex/pgf/utilities/pgfkeys.sty
(/usr/local/texlive/2026/texmf-dist/tex/generic/pgf/utilities/pgfkeys.code.tex)
) (/usr/local/texlive/2026/texmf-dist/tex/latex/pgf/math/pgfmath.sty
(/usr/local/texlive/2026/texmf-dist/tex/generic/pgf/math/pgfmath.code.tex))
(/usr/local/texlive/2026/texmf-dist/tex/generic/pgf/utilities/pgffor.code.tex))

(/usr/local/texlive/2026/texmf-dist/tex/generic/pgf/frontendlayer/tikz/tikz.cod
e.tex
(/usr/local/texlive/2026/texmf-dist/tex/generic/pgf/libraries/pgflibraryplothan
dlers.code.tex)
(/usr/local/texlive/2026/texmf-dist/tex/generic/pgf/modules/pgfmodulematrix.cod
e.tex)
(/usr/local/texlive/2026/texmf-dist/tex/generic/pgf/frontendlayer/tikz/librarie
s/tikzlibrarytopaths.code.tex)))
(/usr/local/texlive/2026/texmf-dist/tex/latex/pgfplots/pgfplots.sty
(/usr/local/texlive/2026/texmf-dist/tex/generic/pgfplots/pgfplots.revision.tex)
(/usr/local/texlive/2026/texmf-dist/tex/generic/pgfplots/pgfplots.code.tex
(/usr/local/texlive/2026/texmf-dist/tex/generic/pgfplots/pgfplotscore.code.tex
(/usr/local/texlive/2026/texmf-dist/tex/generic/pgfplots/sys/pgfplotssysgeneric
.code.tex))
(/usr/local/texlive/2026/texmf-dist/tex/generic/pgfplots/libs/pgfplotslibrary.c
ode.tex)
(/usr/local/texlive/2026/texmf-dist/tex/generic/pgfplots/oldpgfcompatib/pgfplot
soldpgfsupp_loader.code.tex
(/usr/local/texlive/2026/texmf-dist/tex/generic/pgf/libraries/pgflibraryfpu.cod
e.tex)
(/usr/local/texlive/2026/texmf-dist/tex/generic/pgfplots/oldpgfcompatib/pgfplot
soldpgfsupp_pgfutil-common-lists.tex)
(/usr/local/texlive/2026/texmf-dist/tex/generic/pgf/libraries/luamath/pgflibrar
yluamath.code.tex))
(/usr/local/texlive/2026/texmf-dist/tex/generic/pgfplots/util/pgfplotsutil.code
.tex
(/usr/local/texlive/2026/texmf-dist/tex/generic/pgfplots/liststructure/pgfplots
liststructure.code.tex)
(/usr/local/texlive/2026/texmf-dist/tex/generic/pgfplots/liststructure/pgfplots
liststructureext.code.tex)
(/usr/local/texlive/2026/texmf-dist/tex/generic/pgfplots/liststructure/pgfplots
array.code.tex)
(/usr/local/texlive/2026/texmf-dist/tex/generic/pgfplots/liststructure/pgfplots
matrix.code.tex)
(/usr/local/texlive/2026/texmf-dist/tex/generic/pgfplots/numtable/pgfplotstable
shared.code.tex)
(/usr/local/texlive/2026/texmf-dist/tex/generic/pgfplots/liststructure/pgfplots
deque.code.tex)
(/usr/local/texlive/2026/texmf-dist/tex/generic/pgfplots/util/pgfplotsbinary.co
de.tex
(/usr/local/texlive/2026/texmf-dist/tex/generic/pgfplots/util/pgfplotsbinary.da
ta.code.tex))
(/usr/local/texlive/2026/texmf-dist/tex/generic/pgfplots/util/pgfplotsutil.verb
.code.tex)
(/usr/local/texlive/2026/texmf-dist/tex/generic/pgfplots/libs/pgflibrarypgfplot
s.surfshading.code.tex
(/usr/local/texlive/2026/texmf-dist/tex/generic/pgfplots/sys/pgflibrarypgfplots
.surfshading.pgfsys-luatex.def)))
(/usr/local/texlive/2026/texmf-dist/tex/generic/pgfplots/util/pgfplotscolormap.
code.tex
(/usr/local/texlive/2026/texmf-dist/tex/generic/pgfplots/util/pgfplotscolor.cod
e.tex))
(/usr/local/texlive/2026/texmf-dist/tex/generic/pgfplots/pgfplotsstackedplots.c
ode.tex)
(/usr/local/texlive/2026/texmf-dist/tex/generic/pgfplots/pgfplotsplothandlers.c
ode.tex
(/usr/local/texlive/2026/texmf-dist/tex/generic/pgfplots/pgfplotsmeshplothandle
r.code.tex
(/usr/local/texlive/2026/texmf-dist/tex/generic/pgfplots/pgfplotsmeshplotimage.
code.tex)))
(/usr/local/texlive/2026/texmf-dist/tex/generic/pgfplots/pgfplots.scaling.code.
tex)
(/usr/local/texlive/2026/texmf-dist/tex/generic/pgfplots/pgfplotscoordprocessin
g.code.tex)
(/usr/local/texlive/2026/texmf-dist/tex/generic/pgfplots/pgfplots.errorbars.cod
e.tex)
(/usr/local/texlive/2026/texmf-dist/tex/generic/pgfplots/pgfplots.markers.code.
tex)
(/usr/local/texlive/2026/texmf-dist/tex/generic/pgfplots/pgfplotsticks.code.tex
)
(/usr/local/texlive/2026/texmf-dist/tex/generic/pgfplots/pgfplots.paths.code.te
x)
(/usr/local/texlive/2026/texmf-dist/tex/generic/pgf/frontendlayer/tikz/librarie
s/tikzlibrarydecorations.code.tex
(/usr/local/texlive/2026/texmf-dist/tex/generic/pgf/modules/pgfmoduledecoration
s.code.tex))
(/usr/local/texlive/2026/texmf-dist/tex/generic/pgf/frontendlayer/tikz/librarie
s/tikzlibrarydecorations.pathmorphing.code.tex
(/usr/local/texlive/2026/texmf-dist/tex/generic/pgf/libraries/decorations/pgfli
brarydecorations.pathmorphing.code.tex))
(/usr/local/texlive/2026/texmf-dist/tex/generic/pgf/frontendlayer/tikz/librarie
s/tikzlibrarydecorations.pathreplacing.code.tex
(/usr/local/texlive/2026/texmf-dist/tex/generic/pgf/libraries/decorations/pgfli
brarydecorations.pathreplacing.code.tex))
(/usr/local/texlive/2026/texmf-dist/tex/generic/pgfplots/libs/tikzlibrarypgfplo
ts.contourlua.code.tex))
(/usr/local/texlive/2026/texmf-dist/tex/generic/pgf/frontendlayer/tikz/librarie
s/tikzlibraryplotmarks.code.tex
(/usr/local/texlive/2026/texmf-dist/tex/generic/pgf/libraries/pgflibraryplotmar
ks.code.tex)))
(/usr/local/texlive/2026/texmf-dist/tex/latex/pgfplots/pgfplotstable.sty
(/usr/local/texlive/2026/texmf-dist/tex/generic/pgfplots/pgfplots.revision.tex)

(/usr/local/texlive/2026/texmf-dist/tex/generic/pgfplots/numtable/pgfplotstable
.code.tex
(/usr/local/texlive/2026/texmf-dist/tex/generic/pgfplots/numtable/pgfplotstable
.coltype.code.tex)))
(/usr/local/texlive/2026/texmf-dist/tex/latex/fontawesome/fontawesome.sty
(/usr/local/texlive/2026/texmf-dist/tex/generic/iftex/ifxetex.sty)
(/usr/local/texlive/2026/texmf-dist/tex/generic/iftex/ifluatex.sty)
(/usr/local/texlive/2026/texmf-dist/tex/latex/fontawesome/fontawesomesymbols-ge
neric.tex)
(/usr/local/texlive/2026/texmf-dist/tex/latex/fontawesome/fontawesomesymbols-xe
luatex.tex)) (/usr/local/texlive/2026/texmf-dist/tex/latex/psfrag/psfrag.sty)
(/usr/local/texlive/2026/texmf-dist/tex/generic/pgf/frontendlayer/tikz/librarie
s/tikzlibraryintersections.code.tex
(/usr/local/texlive/2026/texmf-dist/tex/generic/pgf/libraries/pgflibraryinterse
ctions.code.tex))
(/usr/local/texlive/2026/texmf-dist/tex/generic/pgf/frontendlayer/tikz/librarie
s/tikzlibrarypatterns.code.tex
(/usr/local/texlive/2026/texmf-dist/tex/generic/pgf/libraries/pgflibrarypattern
s.code.tex))
(/usr/local/texlive/2026/texmf-dist/tex/generic/pgfplots/libs/tikzlibrarypgfplo
ts.fillbetween.code.tex
(/usr/local/texlive/2026/texmf-dist/tex/generic/pgfplots/pgfcontrib/tikzlibrary
fillbetween.code.tex
(/usr/local/texlive/2026/texmf-dist/tex/generic/pgfplots/pgfcontrib/tikzlibrary
decorations.softclip.code.tex
(/usr/local/texlive/2026/texmf-dist/tex/generic/pgfplots/pgfcontrib/pgflibraryf
illbetween.code.tex)))
(/usr/local/texlive/2026/texmf-dist/tex/generic/pgfplots/libs/tikzlibrarypgfplo
ts.decorations.softclip.code.tex))
(/usr/local/texlive/2026/texmf-dist/tex/latex/booktabs/booktabs.sty)
(/usr/local/texlive/2026/texmf-dist/tex/latex/tools/bm.sty)
(/usr/local/texlive/2026/texmf-dist/tex/latex/graphics/rotating.sty
(/usr/local/texlive/2026/texmf-dist/tex/latex/base/ifthen.sty))
(/usr/local/texlive/2026/texmf-dist/tex/latex/hyperref/hyperref.sty
(/usr/local/texlive/2026/texmf-dist/tex/latex/kvsetkeys/kvsetkeys.sty)
(/usr/local/texlive/2026/texmf-dist/tex/generic/kvdefinekeys/kvdefinekeys.sty)
(/usr/local/texlive/2026/texmf-dist/tex/generic/pdfescape/pdfescape.sty)
(/usr/local/texlive/2026/texmf-dist/tex/latex/hycolor/hycolor.sty)
(/usr/local/texlive/2026/texmf-dist/tex/latex/hyperref/nameref.sty
(/usr/local/texlive/2026/texmf-dist/tex/latex/refcount/refcount.sty)
(/usr/local/texlive/2026/texmf-dist/tex/generic/gettitlestring/gettitlestring.s
ty (/usr/local/texlive/2026/texmf-dist/tex/latex/kvoptions/kvoptions.sty)))
(/usr/local/texlive/2026/texmf-dist/tex/generic/stringenc/stringenc.sty)
(/usr/local/texlive/2026/texmf-dist/tex/latex/hyperref/pd1enc.def)
(/usr/local/texlive/2026/texmf-dist/tex/generic/intcalc/intcalc.sty)
(/usr/local/texlive/2026/texmf-dist/tex/latex/hyperref/puenc.def)
(/usr/local/texlive/2026/texmf-dist/tex/latex/url/url.sty)
(/usr/local/texlive/2026/texmf-dist/tex/generic/bitset/bitset.sty
(/usr/local/texlive/2026/texmf-dist/tex/generic/bigintcalc/bigintcalc.sty)))
(/usr/local/texlive/2026/texmf-dist/tex/latex/hyperref/hluatex.def
(/usr/local/texlive/2026/texmf-dist/tex/latex/rerunfilecheck/rerunfilecheck.sty

(/usr/local/texlive/2026/texmf-dist/tex/generic/uniquecounter/uniquecounter.sty
))) (/usr/local/texlive/2026/texmf-dist/tex/latex/todonotes/todonotes.sty
(/usr/local/texlive/2026/texmf-dist/tex/latex/xkeyval/xkeyval.sty
(/usr/local/texlive/2026/texmf-dist/tex/generic/xkeyval/xkeyval.tex
(/usr/local/texlive/2026/texmf-dist/tex/generic/xkeyval/xkvutils.tex)))
(/usr/local/texlive/2026/texmf-dist/tex/generic/pgf/frontendlayer/tikz/librarie
s/tikzlibrarypositioning.code.tex)
(/usr/local/texlive/2026/texmf-dist/tex/latex/tools/calc.sty))
(/usr/local/texlive/2026/texmf-dist/tex/latex/natbib/natbib.sty)
(/usr/local/texlive/2026/texmf-dist/tex/latex/paralist/paralist.sty)
(/usr/local/texlive/2026/texmf-dist/tex/latex/tools/multicol.sty)
(/usr/local/texlive/2026/texmf-dist/tex/latex/tools/longtable.sty)
(/usr/local/texlive/2026/texmf-dist/tex/latex/multirow/multirow.sty)
(/usr/local/texlive/2026/texmf-dist/tex/latex/graphics/lscape.sty)
(/usr/local/texlive/2026/texmf-dist/tex/latex/chngcntr/chngcntr.sty)
(/usr/local/texlive/2026/texmf-dist/tex/latex/footmisc/footmisc.sty)
(/usr/local/texlive/2026/texmf-dist/tex/latex/datetime/datetime.sty
(/usr/local/texlive/2026/texmf-dist/tex/latex/fmtcount/fmtcount.sty
(/usr/local/texlive/2026/texmf-dist/tex/latex/fmtcount/fcprefix.sty
(/usr/local/texlive/2026/texmf-dist/tex/latex/fmtcount/fcnumparser.sty))
(/usr/local/texlive/2026/texmf-dist/tex/latex/fmtcount/fc-english.def))
(/usr/local/texlive/2026/texmf-dist/tex/latex/datetime/datetime-defaults.sty))
(/usr/local/texlive/2026/texmf-dist/tex/latex/threeparttable/threeparttable.sty
) (/usr/local/texlive/2026/texmf-dist/tex/latex/diagbox/diagbox.sty
(/usr/local/texlive/2026/texmf-dist/tex/latex/pict2e/pict2e.sty
(/usr/local/texlive/2026/texmf-dist/tex/latex/pict2e/pict2e.cfg)
(/usr/local/texlive/2026/texmf-dist/tex/latex/pict2e/p2e-luatex.def)))
(/usr/local/texlive/2026/texmf-dist/tex/latex/sectsty/sectsty.sty

LaTeX Warning: Command \underbar  has changed.
               Check if current package is valid.


LaTeX Warning: Command \underline  has changed.
               Check if current package is valid.

)) (./title_metadata.tex) (./main.aux)
(/usr/local/texlive/2026/texmf-dist/tex/context/base/mkii/supp-pdf.mkii
[Loading MPS to PDF converter (version 2006.09.02).]
) (/usr/local/texlive/2026/texmf-dist/tex/latex/epstopdf-pkg/epstopdf-base.sty
(/usr/local/texlive/2026/texmf-dist/tex/latex/latexconfig/epstopdf-sys.cfg))
(/usr/local/texlive/2026/texmf-dist/tex/latex/caption/ltcaption.sty)
(/usr/local/texlive/2026/texmf-dist/tex/latex/translations/translations-basic-d
ictionary-english.trsl)

Package pgfplots Warning: running in backwards compatibility mode (unsuitable t
ick labels; missing features). Consider writing \pgfplotsset{compat=1.18} into 
your preamble.
 on input line 12.

(./main.out) (./main.out)

Package todonotes Warning: The length marginparwidth is less than 2cm and will 
most likely cause issues with the appearance of inserted todonotes. The issue c
an be solved by adding a line like \setlength {\marginparwidth }{2cm} prior to 
loading the todonotes package. on input line 12.

(./frontmatter.tex
Overfull \hbox (8.09319pt too wide) in paragraph at lines 4--5
\TU/KpRoman(1)/m/n/10.95 registration-threshold re-forms, re-leased with its sy
nthetic-data gen-er-a-tor. The thresh-
[1
Non-PDF special ignored!{/usr/local/texlive/2026/texmf-var/fonts/map/pdftex/upd
map/pdftex.map}]) (./body.tex (./Sections/intro.tex [2<./figures/firms_by_turno
ver_band_85k.png><./figures/vat_firms_by_turnover_band_85k.png>] [3]
Overfull \hbox (0.9187pt too wide) in paragraph at lines 49--50
[]\TU/KpRoman(1)/m/n/12 Third, con-di-tional on the as-sumed elas-tic-ity, inte
nsive-margin re-sponses barely move
[4] [5]) (./Sections/background.tex [6]) (./Sections/data.tex [7<./figures/obr_
vat_bunching_85k.png>]
Overfull \hbox (0.61864pt too wide) in paragraph at lines 4--16
\TU/KpRoman(1)/m/n/12 Study-ing firm re-sponses at the thresh-old needs firm-le
vel turnover near the cut-off, which
[8]
Overfull \hbox (0.3166pt too wide) in paragraph at lines 60--64
[]\TU/KpRoman(1)/m/n/12 The base pop-u-la-tion re-pro-duces the ONS struc-ture 
but not the HMRC VAT-registered
[9]
Overfull \hbox (14.26959pt too wide) in paragraph at lines 112--134
\TU/KpRoman(1)/m/n/12 statu-tory thresh-old was £85,000. The HMRC band tar-get
s step down across the threshold---
) (./Sections/static.tex [10] [11<./figures/turnover_distribution_85k.png>]
[12] [13<./figures/vat_threshold_revenue_impact.png>] [14<./figures/revenue_imp
act_2025_26.png><./figures/firms_impact_2025_26.png>]
Overfull \hbox (13.10669pt too wide) in paragraph at lines 164--178
\TU/KpRoman(1)/m/n/12 The thresh-old sweep above moves the \TU/KpRoman(1)/m/it/
12 lo-ca-tion \TU/KpRoman(1)/m/n/12 of a sin-gle cut-off. The same static princ
iple---
) (./Sections/bunching.tex [15]
Overfull \hbox (6.67659pt too wide) in paragraph at lines 4--18
\TU/KpRoman(1)/m/n/12 ([][]2011[][]) and [][]Kleven and Waseem[][] ([][]2013[][
])---as ap-plied to UK VAT data by [][]Liu et al.[][] ([][]2021[][])---to
[16]
Overfull \hbox (25.36118pt too wide) in paragraph at lines 59--70
\TU/KpRoman(1)/m/n/12 the ap-prox-i-ma-tion hold-ing when $\TU/KpMath-Regular.o
tf(1)/m/n/12 𝑔$ \TU/KpRoman(1)/m/n/12 is lo-cally smooth. The bunch-ing ra-t
io $\TU/KpMath-Regular.otf(1)/m/n/12 𝑏(𝑦[]) = 𝐵(𝑦[])/𝑔(𝑦[]) 
≈
[17] [18<./figures/bunching_analysis_85k.png><./figures/bunching_analysis_90k.p
ng>]) (./Sections/model.tex [19]
Overfull \hbox (9.26462pt too wide) in paragraph at lines 22--29
\TU/KpRoman(1)/m/n/12 Two pop-u-la-tions are out-side its scope and are treated
 as such through-out: below-threshold
[20] [21] [22<./figures/dynamic_notch_fit_e017.png>])
(./Sections/behavioural.tex
Overfull \hbox (8.2552pt too wide) in paragraph at lines 139--1
\TU/KpMath-Regular.otf(1)/m/n/12 (𝜏 − 𝑟) 𝑇[] = £5[]250$\TU/KpRoman(
1)/m/n/12 . The firm counts con-firm this (\TU/KpMono(0)/m/n/12 results/dominat
ed_region_mass.txt\TU/KpRoman(1)/m/n/12 ):
[23]
Overfull \hbox (0.45064pt too wide) in paragraph at lines 76--83
\TU/KpRoman(1)/m/n/12 firm’s op-ti-mal turnover un-der a coun-ter-fac-tual sc
hed-ule, \TU/KpRoman(1)/m/it/12 given \TU/KpRoman(1)/m/n/12 that its ob-served 
turnover

Overfull \hbox (2.70668pt too wide) in paragraph at lines 87--96
\TU/KpRoman(1)/m/n/12 The in-ten-sive re-sponse de-pends only on $\TU/KpMath-Re
gular.otf(1)/m/n/12 𝑒$\TU/KpRoman(1)/m/n/12 , the statu-tory rate, and the s
ched-ule fractions---

Overfull \hbox (19.06874pt too wide) in paragraph at lines 97--117
[]\TU/KpRoman(1)/b/n/12 Region-confined scope.[] \TU/KpRoman(1)/m/n/12 The mar-
gin priced here is purely \TU/KpRoman(1)/m/it/12 in-ten-sive\TU/KpRoman(1)/m/n/
12 : each firm re-optimises
[24]
Overfull \hbox (1.25473pt too wide) in paragraph at lines 118--129
[]\TU/KpRoman(1)/b/n/12 Con-di-tional on $\TU/KpMath-Regular.otf(1)/m/n/12 
𝑒$\TU/KpRoman(1)/b/n/12 .[] \TU/KpRoman(1)/m/n/12 The elas-tic-ity $\TU/KpMa
th-Regular.otf(1)/m/n/12 𝑒$ \TU/KpRoman(1)/m/n/12 is not iden-ti-fied from t
hese data, so ev-ery be-havioural
[25<./figures/formulation_a_optima.png>]
Overfull \hbox (34.0586pt too wide) in paragraph at lines 154--166
 [][] 
[26]) (./Sections/conclusion.tex [27<./figures/dynamic_cost_vs_elasticity.png>]

Overfull \hbox (20.66867pt too wide) in paragraph at lines 4--13
\TU/KpRoman(1)/m/n/12 the UK VAT reg-is-tra-tion thresh-old, re-leased in full-
--including its synthetic-data generator---

Overfull \hbox (68.06161pt too wide) in paragraph at lines 23--35
 [][] 

Overfull \hbox (5.21452pt too wide) in paragraph at lines 37--48
\TU/KpRoman(1)/m/n/12 2025--26 and the voluntary-retention con-ven-tion $\TU/Kp
Math-Regular.otf(1)/m/n/12 −$\TU/KpRoman(1)/m/n/12 £141m, against the pub-li
shed $\TU/KpMath-Regular.otf(1)/m/n/12 −$\TU/KpRoman(1)/m/n/12 £185m,
[28]) [29] [30] (./main.bbl
Underfull \hbox (badness 10000) in paragraph at lines 96--99
[]\TU/KpRoman(1)/m/n/10.95 HM Rev-enue and Cus-toms (2024) ``In-creas-ing the V
AT Reg-is-tra-tion Thresh-old,''

Underfull \hbox (badness 10000) in paragraph at lines 96--99
\TU/KpRoman(1)/m/n/10.95 Tax in-for-ma-tion and im-pact note, GOV.UK, [][]$\TU/
KpMono(0)/m/n/10.95 https://www.gov.uk/government/

Underfull \hbox (badness 10000) in paragraph at lines 96--99
\TU/KpMono(0)/m/n/10.95 publications/vat-[]increasing-[]the-[]registration-[]an
d-[]deregistration-[]thresholds/
[31]
Underfull \hbox (badness 10000) in paragraph at lines 101--104
[]\TU/KpRoman(1)/m/n/10.95 HM Trea-sury (2018) ``VAT Reg-is-tra-tion Thresh-old
: Call for Ev-i-dence,'' HM

Underfull \hbox (badness 10000) in paragraph at lines 101--104
\TU/KpRoman(1)/m/n/10.95 Trea-sury, March 2018, [][]$\TU/KpMono(0)/m/n/10.95 ht
tps://www.gov.uk/government/consultations/

Underfull \hbox (badness 7869) in paragraph at lines 106--109
[] [] \TU/KpRoman(1)/m/n/10.95 (2024) ``Spring Bud-get 2024: Pol-icy Cost-ings,
'' HM Trea-sury, March 2024,

Underfull \hbox (badness 10000) in paragraph at lines 106--109
[][]$\TU/KpMono(0)/m/n/10.95 https://assets.publishing.service.gov.uk/media/65e
7920c08eef600155a5617/

Underfull \hbox (badness 4886) in paragraph at lines 133--137
[]\TU/KpRoman(1)/m/n/10.95 Liu, Li, Ben Lock-wood, and Eddy H. F. Tam (2024) ``
Small Firm Growth and the

Underfull \hbox (badness 2865) in paragraph at lines 133--137
\TU/KpRoman(1)/m/n/10.95 VAT Thresh-old: Ev-i-dence for the UK,'' IMF Work-ing 
Pa-perWP/24/33, In-ter-na-tional

Underfull \hbox (badness 10000) in paragraph at lines 133--137
\TU/KpRoman(1)/m/n/10.95 Mon-e-tary Fund, [][]$\TU/KpMono(0)/m/n/10.95 https://
www.imf.org/en/publications/wp/issues/2024/02/16/

Underfull \hbox (badness 1490) in paragraph at lines 139--143
\TU/KpRoman(1)/m/n/10.95 West Ben-gal, In-dia,'' TaxDev / In-sti-tute for Fis-c
al Stud-ies, [][]$\TU/KpMono(0)/m/n/10.95 https://www.taxdev.org/

Underfull \hbox (badness 10000) in paragraph at lines 146--149
[]\TU/KpRoman(1)/m/n/10.95 Of-fice for Bud-get Re-spon-si-bil-ity (2023) ``The 
Im-pact of the Frozen VAT Reg-is-tra-

Underfull \hbox (badness 4886) in paragraph at lines 146--149
\TU/KpRoman(1)/m/n/10.95 tion Thresh-old,'' Eco-nomic and Fis-cal Out-look, Mar
ch 2023, [][]$\TU/KpMono(0)/m/n/10.95 https://obr.uk/box/

Underfull \hbox (badness 10000) in paragraph at lines 152--155
[]\TU/KpRoman(1)/m/n/10.95 Of-fice of Tax Sim-pli-fi-ca-tion (2017) ``Value Add
ed Tax: Routes to Sim-pli-fi-ca-tion,''

Underfull \hbox (badness 10000) in paragraph at lines 152--155
\TU/KpRoman(1)/m/n/10.95 OTS re-port, Novem-ber 2017, [][]$\TU/KpMono(0)/m/n/10
.95 https://assets.publishing.service.gov.uk/media/
[32]) [33] (./Appendix/appendix.tex (./Appendix/a_data.tex
Overfull \hbox (11.12668pt too wide) in paragraph at lines 32--61
\TU/KpRoman(1)/m/n/12 tion check rather than a silent re-place-ment. The snap-s
hot used here is Pol-i-cyEngine/ledger

Overfull \hbox (30.38661pt too wide) in paragraph at lines 32--61
\TU/KpRoman(1)/m/n/12 and max-i-mum nu-meric dif-fer-ence zero. (The ``2024--25
 vin-tage'' here de-notes the HMRC/ONS

Overfull \hbox (3.00157pt too wide) in paragraph at lines 32--61
\TU/KpRoman(1)/m/n/12 tion cal-i-brates to.) A 1,000-iteration Pop-u-lace run f
rom those tar-gets gen-er-ated 2,946,015

Overfull \hbox (58.07478pt too wide) in paragraph at lines 32--61
\TU/KpMono(0)/m/n/12 firm-microsim-populace-ledger \TU/KpRoman(1)/m/n/12 and ch
ecked into \TU/KpMono(0)/m/n/12 results/populace_ledger_comparison.txt
[34]) (./Appendix/a_inference.tex
Overfull \hbox (8.25868pt too wide) in paragraph at lines 4--25
\TU/KpMono(0)/m/n/12 results/recovery_bunching.txt\TU/KpRoman(1)/m/n/12 . The e
s-ti-ma-tor re-ports the ge-om-e-try only---the bunch-

Overfull \hbox (11.25064pt too wide) in paragraph at lines 4--25
\TU/KpRoman(1)/m/n/12 cess mass to an elas-tic-ity is not iden-ti-fied with-out
 functional-form as-sump-tions ([][]Blomquist
[35] [36] [37]
Underfull \hbox (badness 1845) in paragraph at lines 156--156
[][]\TU/KpRoman(1)/b/n/12 Ta-ble A.3[][]: []|\TU/KpRoman(1)/m/n/12 Power (re-co
v-ery) test on the step-free pop-u-la-tion: Kleven--Waseem-
))) [38] (./main.aux))
(see the transcript file for additional information)
 1406 words of node memory still in use:
   6 hlist, 2 vlist, 2 rule, 18 glue, 4 kern, 1 glyph, 177 attribute, 77 glue_s
pec, 89 attribute_list, 2 write, 29 pdf_action nodes
   avail lists: 1:1,2:966,3:445,4:197,5:776,6:27,7:10405,8:146,9:439,10:28,11:7
27

warning  (pdf backend): unreferenced destination with name 'Hfootnote.2'

warning  (pdf backend): unreferenced destination with name 'Hfootnote.1'
</usr/local/texlive/2026/texmf-dist/fonts/opentype/public/kpfonts-otf/KpMono-Re
gular.otf></usr/local/texlive/2026/texmf-dist/fonts/opentype/public/kpfonts-otf
/KpMath-Regular.otf></usr/local/texlive/2026/texmf-dist/fonts/opentype/public/k
pfonts-otf/KpMath-Regular.otf></usr/local/texlive/2026/texmf-dist/fonts/opentyp
e/public/kpfonts-otf/KpMath-Regular.otf></usr/local/texlive/2026/texmf-dist/fon
ts/opentype/public/kpfonts-otf/KpMath-Regular.otf></usr/local/texlive/2026/texm
f-dist/fonts/opentype/public/kpfonts-otf/KpRoman-Italic.otf></usr/local/texlive
/2026/texmf-dist/fonts/opentype/public/kpfonts-otf/KpRoman-Bold.otf></usr/local
/texlive/2026/texmf-dist/fonts/opentype/public/kpfonts-otf/KpRoman-Regular.otf>

Output written on main.pdf (38 pages, 2141230 bytes).
Transcript written on main.log.
Latexmk: Getting log file 'main.log'
Latexmk: Examining 'main.fls'
Latexmk: Examining 'main.log'
Latexmk: Found input bbl file 'main.bbl'
Latexmk: Log file says output to 'main.pdf'
Latexmk: Using bibtex to make bibliography file(s).
  ===Source file 'main.bbl' for 'lualatex'
Latexmk: Found bibliography file(s):
  ./references.bib
Latexmk: Summary of warnings from last run of *latex:
  Latex failed to resolve 2 reference(s)
Latexmk: ====Problematic refs and citations with line #s in .tex file:
  (pdf backend): unreferenced destination with name 'Hfootnote.2'
  (pdf backend): unreferenced destination with name 'Hfootnote.1'
Latexmk: All targets (main.pdf) are up-to-date

